"NA.","ES1","ES2","ES3","ES4","NSC1","NSC2","NSC3","NSC4","NSC5","NSC6","NSC7","NEU1","NEU2","NEU3","NEU4","NEU5","NEU6","ML1","ML2","ML3","ML4","ML5","ML6","EB1","EB2","EB3","EB4"
"GPBP1",8005.46,3217.56,391.008,1011.06,3534.67,9640.02,45848.2,59098,33958.2,29602.2,30716.9,6846.53,2308.29,15704.3,14741.7,27139.7,6626.37,5764.79,6253.11,8907.28,12544.5,4613.15,4680.18,794.034,707.027,1218.08,1064.06
"HCV",9802.19,4428.06,1467.12,3417.63,NA,NA,1447.11,1849.18,2034.22,1057.06,923.046,388.008,326.006,13812.3,36490.8,9203.57,7166.77,19846.2,29005.4,26810.8,19625.8,11252.8,6716.44,494.013,598.019,574.018,2130.24
"PAPPA",NA,NA,NA,NA,17425.4,33788.5,NA,NA,NA,NA,NA,63132.5,29156.8,327201,409905,NA,NA,205223,110035,127274,81898.6,NA,NA,NA,NA,NA,NA
"KSR2",NA,NA,NA,NA,14807.8,6092,NA,NA,NA,NA,NA,26866.9,22313.9,NA,22026.2,NA,NA,89896.3,81920.8,37116.2,48068.5,NA,NA,NA,NA,NA,NA
"TGFB3",5596.69,3965.85,703.027,1200.08,801.035,458.011,1338.1,1416.11,4738.21,2161.25,2859.44,3612.7,2399.31,15668.2,10983.5,27014.4,31838.6,65210.8,41941.8,24355,29941.3,15282.6,9239.61,368.007,417.009,527.015,717.028
"MBD5",477.012,298.005,143.001,99.0005,130.001,NA,135.001,150.001,229.003,146.001,214.002,526.015,442.011,647.023,578.018,1940.2,647.023,2579.36,1789.17,1325.09,1300.09,1324.09,686.025,90.0004,96.0005,103.001,85.0004
"WSB1",42974.5,24101.3,22373,4725.21,NA,1515.12,8189.62,14077.7,15036.2,5909.89,5839.84,15454.9,25604.4,156144,48105.6,34143.8,26178,107042,80306.8,60060.2,44653.4,220.003,30134,2740.41,4891.29,5891.87,5915.89
"TMEM8B",309.005,285.004,97.0005,203.002,NA,NA,132.001,182.002,145.001,157.001,175.002,1876.19,2682.39,3583.69,3213.56,2872.45,4535.11,2318.29,4509.1,1193.08,3320.6,1006.05,602.02,116.001,333.006,117.001,93.0005
"FLRT3",933.047,566.017,259.004,290.005,195.002,183.002,161.001,242.003,237.003,161.001,306.005,654.023,382.008,3811.78,2435.32,326.006,1584.14,5232.48,5790.81,4926.31,5259.49,247.003,2242.27,165.001,119.001,131.001,145.001
"VWC2L",1804.18,517.014,254.004,264.004,NA,NA,135.001,149.001,286.004,192.002,360.007,724.028,343.006,2429.32,2201.26,7633.15,2252.27,3370.61,2720.4,2774.42,1809.18,1252.08,1741.16,171.002,134.001,162.001,129.001
"MAPK6",1363.1,945.048,NA,NA,NA,NA,189.002,199.002,420.01,387.008,501.014,620.021,1129.07,2376.3,1720.16,5395.57,2723.4,6996.64,4217.96,2440.32,2686.39,2404.31,1876.19,175.002,156.001,142.001,186.002
"LRRTM1",3447.64,2213.26,1182.08,792.034,NA,NA,977.052,417.009,4010.87,4942.32,5311.52,NA,NA,10745.2,6276.13,39742.1,6091,18633.7,14060.7,6222.09,7648.16,7033.67,8012.47,240.003,200.002,151.001,360.007
"SEMA3A",5045.37,8561.96,495.013,NA,NA,NA,2327.29,1353.1,2741.41,1912.2,4646.17,9456.83,2212.26,9334.7,8558.96,61591.2,21181.2,72131.9,72124.8,37224.7,17198,25441.9,27118.7,1050.06,1383.1,2498.34,1811.18
"PPP1R10",925.046,592.019,NA,NA,596.019,233.003,269.004,184.002,386.008,418.009,475.012,1123.07,812.036,NA,NA,1414.11,2061.23,13562.9,11815.5,11584.2,7803.29,5026.36,8832.21,128.001,152.001,191.002,184.002
"ZFP608",932.047,972.051,101.001,118.001,252.003,122.001,242.003,230.003,1074.06,514.014,936.047,1216.08,1530.13,5205.46,4562.12,9888.28,9701.08,8737.12,9580.95,2717.4,2190.26,3036.5,3183.55,137.001,172.002,210.002,183.002
"PLAG1",1201.08,409.009,121.001,194.002,NA,NA,285.004,407.009,801.035,317.005,600.019,1829.18,2184.26,6535.31,6190.07,7012.65,4341.02,12429.3,10125.5,3924.83,2898.45,3839.8,2612.37,108.001,98.0005,121.001,156.001
"TAOK2",16627.9,7539.07,1823.18,2195.26,2277.28,3167.54,12323.2,12451.4,19788.1,14653.6,12706.7,6255.11,3015.49,6519.29,5215.47,37644.4,5920.89,31028.9,52554.7,39424.8,14837.9,14722.7,6756.46,230.003,521.015,726.029,704.027
"NYAP2",3571.69,3284.58,686.025,1136.07,NA,220.003,224.003,275.004,730.029,357.007,945.048,2256.27,2829.43,8864.24,3434.64,10199.6,16905.4,21348.6,22430.1,18165.8,12541.5,11661.3,9555.93,665.024,251.003,787.034,298.005
"UNC79",11034.6,8653.04,2514.34,4383.04,1066.06,1865.19,8428.84,4805.25,4537.11,5543.66,5042.37,3788.77,9081.45,11865.6,16658,30662.7,13184.4,3521.67,2653.38,35139.6,25217.3,14244.9,20381.4,438.01,540.016,529.015,729.029
"GPR85",3942.84,3385.62,494.013,285.004,NA,1340.1,459.011,342.006,539.016,615.02,2338.3,NA,NA,20789.3,18691.8,32975.6,11354,49986.6,44287.7,17144.9,15929.7,10268.7,17737,213.002,316.005,457.011,572.018
"CAR10",3471.65,2663.38,923.046,602.02,NA,NA,497.013,543.016,1328.1,383.008,889.043,2111.24,1984.21,13024.2,2663.38,2228.27,7072.7,17732,9705.08,7863.34,4428.06,7764.25,11062.6,244.003,256.004,439.01,413.009
"RORB",2230.27,2108.24,549.016,486.013,750.03,829.037,1586.14,2006.22,3341.6,2742.41,4566.13,4051.89,3190.55,14184.9,6917.58,35420.6,7578.1,12337.2,13801.3,7934.4,7388.95,5148.43,9125.49,165.001,179.002,395.008,213.002
"IL1RAPL1",399.009,429.01,121.001,185.002,NA,NA,179.002,185.002,390.008,180.002,415.009,549.016,549.016,4262.98,3237.57,5595.69,1168.07,6986.63,6989.64,2459.33,1307.09,1886.19,2468.33,108.001,88.0004,85.0004,113.001
"NOL4",1425.11,1486.12,558.017,422.01,NA,NA,447.011,402.009,1168.07,1363.1,1167.07,2628.37,2179.26,13672.1,15146.4,13587,6260.12,15778.4,10045.4,5416.58,6266.12,6194.07,3630.71,191.002,242.003,203.002,233.003
"MGAT4C",1257.09,563.017,193.002,194.002,189.002,247.003,192.002,321.006,159.001,174.002,171.002,1695.16,2018.22,4677.18,2256.27,1175.07,1108.07,3554.68,4369.03,2955.47,4886.29,213.002,1271.09,156.001,148.001,114.001,277.004
"ACVR2A",91070.7,57024.1,8654.04,NA,13668.1,29823,80857.5,82332.4,67439.7,51013.1,45383.9,10619.1,27787.6,30399.8,20052.7,38786.1,48889.7,192707,178142,198523,119400,107041,70429.8,5715.76,4388.04,8440.85,7904.37
"BDNF",3719.75,2464.33,361.007,322.006,238.003,NA,184.002,455.011,436.01,324.006,567.017,674.025,1043.06,5047.38,4917.31,7739.23,16229.2,NA,NA,NA,170.002,5052.38,4588.14,267.004,238.003,346.006,767.032
"PPP2R5E",16210.2,11253.8,1964.21,2306.29,565.017,1777.17,8274.7,9050.42,9042.41,7788.27,11099.6,8510.91,7181.78,22579.5,18983.4,46164.8,24010.1,84179.9,64227,39937.9,12797.8,19663.9,22668.7,1064.06,1094.06,1327.1,1583.14
"AHDC1",1471.12,1249.08,773.032,559.017,NA,337.006,409.009,453.011,754.031,739.03,829.037,525.015,2443.32,5067.39,3321.6,5062.38,9567.94,15556.1,16926.5,6216.09,6324.16,5272.5,7750.24,199.002,183.002,149.001,209.002
"PCDH10",465.012,382.008,155.001,180.002,NA,NA,317.005,367.007,388.008,383.008,477.012,755.031,864.04,2924.46,1070.06,NA,814.036,7633.15,5812.82,4421.06,2614.37,3809.78,3339.6,107.001,164.001,191.002,100.001
"GPM6A",676.025,583.018,83.0004,66.0002,NA,NA,241.003,306.005,576.018,554.017,1104.07,2738.4,1036.06,2503.34,1687.15,7194.79,722.028,3946.84,3165.54,2872.45,2403.31,2744.41,1847.18,146.001,141.001,153.001,116.001
"HELT",6170.06,4175.94,1194.08,1602.14,605.02,NA,1422.11,1616.14,1990.21,2011.22,3073.51,8219.65,1500.12,29518,14616.5,9450.82,449.011,25656.5,30590.5,13858.4,5880.87,10624.1,7509.04,417.009,1252.08,757.031,1010.06
"NACC2",3672.73,1971.21,913.045,732.029,1954.21,5109.41,2160.25,3308.59,8954.33,5880.87,8965.34,NA,NA,29771.8,56808.7,22932.4,1748.16,23043.6,14819.9,27859.9,33181.3,19681.9,11318.9,239.003,235.003,300.005,465.012
"D830031N03RIK",1888.19,1030.06,378.008,349.007,NA,365.007,691.026,666.024,1179.08,665.024,1010.06,1924.2,402.009,2230.27,1521.12,1338.1,2801.42,4698.19,4436.06,3072.51,2508.34,2278.28,1487.12,196.002,211.002,246.003,279.004
"NDP",4974.34,5897.88,1233.08,2133.25,598.019,NA,1038.06,506.014,1147.07,597.019,894.043,2641.38,2233.27,8935.31,6574.33,4463.08,335.006,14654.6,11575.2,9271.64,6166.05,173.002,6908.58,330.006,488.013,500.013,652.023
"EIF5",35621.4,36364.3,17589.7,7451,1070.06,NA,3701.74,4013.87,11548.2,11924.7,8284.71,34611.6,26756.6,73581.2,66917.9,245771,64417.3,266019,179127,197540,131473,75503.6,68196.2,1378.1,2036.22,3185.55,2337.29
"DLG1",1086.06,797.034,603.02,244.003,511.014,133.001,194.002,199.002,256.004,259.004,405.009,957.049,950.049,1656.15,993.053,5806.82,2428.32,13694.1,6978.63,6544.31,3181.55,3721.75,5694.75,215.003,124.001,162.001,151.001
"R3HDM1",1308.09,954.049,251.003,188.002,NA,NA,152.001,240.003,170.002,115.001,139.001,515.014,567.017,4585.14,5427.59,4647.17,2774.42,7904.37,10523,4830.26,2397.31,4315.01,4172.94,200.002,165.001,231.003,171.002
"PLEKHA7",1282.09,795.034,68.0002,75.0003,NA,NA,279.004,286.004,736.029,562.017,942.048,1118.07,701.026,1934.2,2699.39,7363.93,2993.48,6492.27,4478.08,2411.31,2339.3,2990.48,3783.77,94.0005,112.001,122.001,97.0005
"CXXC4",989.053,1181.08,251.003,332.006,NA,NA,263.004,348.007,750.03,451.011,627.021,2335.29,990.053,3796.78,4630.16,12358.2,5147.43,6998.64,5626.71,1749.17,1357.1,3142.53,1429.11,651.023,156.001,116.001,243.003
"EN1",4377.04,2339.3,1246.08,852.039,437.01,852.039,1717.16,2122.24,3768.77,3631.71,2282.28,NA,NA,16184.1,14052.7,20083.8,20820.4,14568.5,25870.1,15847.6,30752,10590.1,7731.23,205.002,155.001,227.003,259.004
"TSGA10",801.035,637.022,433.01,282.004,196.002,142.001,203.002,167.002,422.01,270.004,256.004,NA,NA,1445.11,1016.06,895.043,2533.35,4279.99,3692.74,4556.12,3523.67,1498.12,2523.34,159.001,116.001,150.001,122.001
"ZC3H6",5976.93,4468.08,3087.51,3513.67,280.004,318.005,876.041,517.014,1421.11,915.045,951.049,496.013,NA,8608,5858.85,29533,7480.02,57689.2,47632.2,22077.3,16906.4,22109.4,31489.5,297.005,398.009,407.009,429.01
"RUNX2",NA,NA,59.0002,54.0002,13809.3,9708.09,70626.3,51286.6,103.001,61.0002,74.0003,77861,79917.4,NA,NA,226.003,237.003,106226,108579,49734.2,24688.9,232.003,158.001,NA,NA,NA,NA
"PCDH7",9661.04,9783.17,4082.9,3468.65,NA,NA,2254.27,1267.09,5837.84,3320.6,4018.87,5431.59,5875.86,40321.6,10687.2,55563.2,2286.28,76140.8,70388.5,41988,22633.6,35744.9,37518.9,562.017,893.043,1105.07,1381.1
"MECOM",611.02,799.035,161.001,163.001,NA,NA,328.006,340.006,592.019,378.008,481.012,2015.22,509.014,7444.99,3088.52,10110.5,1163.07,6898.57,8053.5,5415.58,5301.52,2320.29,5041.37,157.001,154.001,120.001,121.001
"PCDH9",974.051,863.04,305.005,261.004,NA,320.006,316.005,303.005,825.037,282.004,405.009,595.019,601.02,1392.1,1208.08,2118.24,4655.17,4949.32,4559.12,7270.85,5308.52,3064.51,3027.5,111.001,86.0004,121.001,152.001
"B3GALT2",527.015,482.013,183.002,232.003,NA,NA,252.003,226.003,279.004,251.003,512.014,2579.36,1561.13,6986.63,3321.6,5941.91,1866.19,8827.21,5564.67,4268.98,3615.71,5936.9,1743.16,99.0005,104.001,105.001,119.001
"NFIB",11142.7,4943.32,2665.38,1491.12,529.015,345.006,623.021,764.032,2941.47,1201.08,2056.23,NA,NA,10742.2,6183.06,6400.21,12855.9,11640.3,11086.6,16593.9,13905.4,7081.71,5723.77,183.002,326.006,286.004,724.028
"ZFHX4",698.026,615.02,168.002,213.002,267.004,356.007,198.002,178.002,186.002,280.004,180.002,645.022,571.018,3422.63,1100.07,843.038,598.019,4454.07,5647.72,2690.39,3768.77,2403.31,1912.2,135.001,144.001,106.001,180.002
"TRIM66",2376.3,1789.17,739.03,1083.06,314.005,472.012,929.047,819.036,524.015,800.035,790.034,1965.21,3288.58,3909.82,3208.56,11496.1,4833.26,12773.8,14739.7,7501.04,6695.42,3884.82,5463.61,216.003,344.006,361.007,559.017
"ZBTB38",963.05,993.053,349.007,351.007,247.003,NA,258.004,229.003,192.002,154.001,139.001,629.021,813.036,2071.23,1793.17,339.006,503.014,8128.57,5830.84,3211.56,5074.39,1750.17,1851.19,140.001,165.001,166.001,200.002
"TULP4",719.028,829.037,212.002,240.003,NA,NA,265.004,248.003,271.004,237.003,236.003,830.037,573.018,3306.59,994.053,5270.5,3032.5,5008.36,5922.89,2696.39,3724.75,2316.29,3072.51,142.001,179.002,105.001,192.002
"SGCZ",1450.11,1343.1,412.009,265.004,238.003,NA,687.026,607.02,594.019,593.019,482.013,3348.61,5392.57,NA,NA,20022.6,11940.7,15246.5,13146.3,8996.37,3576.69,5939.9,11200.8,NA,NA,NA,NA
"GRIN2B",866.041,889.043,255.004,180.002,375.008,NA,219.003,204.002,257.004,158.001,261.004,884.042,891.043,1438.11,1133.07,8946.32,1301.09,6919.58,6228.09,3328.6,1591.14,2140.25,1904.2,114.001,116.001,107.001,115.001
"BHLHE22",10527,8712.1,1566.13,2212.26,529.015,NA,125.001,222.003,646.023,1275.09,1389.1,NA,NA,12034.8,10215.6,4531.11,2109.24,18675.8,16852.3,14957.1,16068.9,8702.09,1842.18,541.016,495.013,713.027,1554.13
"RNF10",1827.18,1078.06,664.024,454.011,351.007,264.004,3001.49,2818.43,2999.49,1764.17,2013.22,1005.05,747.03,3207.56,3024.49,568.017,938.048,6446.24,5009.35,4349.02,4816.25,2045.23,1692.15,208.002,174.002,153.001,290.005
"UBE3A",NA,NA,276.004,342.006,NA,NA,849.039,506.014,1181.08,607.02,1114.07,1182.08,1694.16,5322.53,4256.98,7958.42,556.017,8578.97,15153.4,5507.64,4498.09,5744.78,5671.74,231.003,279.004,388.008,310.005
"TLE4",9401.77,8278.7,2143.25,3544.68,1044.06,1519.12,725.028,812.036,4110.91,2791.42,4091.9,3018.49,8332.75,10109.5,9231.6,NA,NA,37177.5,29413.6,22815.1,50479.2,7927.39,14486.3,1012.06,492.013,829.037,968.051
"FAM214B",1232.08,1156.07,707.027,380.008,NA,NA,859.04,565.017,864.04,669.024,862.04,559.017,893.043,4779.23,3081.51,6860.54,1716.16,16024.9,22716.8,21727.5,13620,10150.6,18628.7,187.002,139.001,158.001,171.002
"ASXL3",1714.16,1414.11,344.006,217.003,167.002,124.001,254.004,339.006,384.008,342.006,442.011,1045.06,1401.11,4396.04,2848.44,9595.97,5834.84,8520.92,8023.48,8587.98,3386.62,2050.23,5925.9,181.002,169.002,332.006,349.007
"HR",4793.24,3153.54,584.018,843.038,592.019,NA,482.013,558.017,1177.08,469.012,860.04,1481.12,2593.36,5253.49,4254.98,9645.02,9027.4,9514.89,9099.47,7028.67,3446.64,4621.15,9926.32,358.007,429.01,384.008,552.017
"FGF14",1640.15,1404.11,237.003,419.009,373.008,203.002,225.003,288.004,353.007,304.005,317.005,115.001,84.0004,16345.4,9862.25,1150.07,3125.53,6957.61,8038.49,8646.04,5175.45,7092.72,3913.83,132.001,218.003,251.003,249.003
"RBMS3",1305.09,1329.1,352.007,950.049,NA,NA,2704.39,3434.64,4402.05,3933.84,5287.51,14965.1,4011.87,3038.5,2911.46,52604,51586.3,12434.3,11370,1959.21,1878.19,36079.2,16263.3,180.002,466.012,214.002,376.008
"S1A9",13575.9,6693.42,3535.68,2342.3,1067.06,NA,4834.26,3955.84,3360.61,4313,2498.34,4193.95,4206.96,10988.5,12874.9,2299.29,16175.1,19107.7,12100.9,21803.6,10509,29469.8,14321.1,764.032,580.018,342.006,716.028
"BRINP1",4531.11,2287.28,781.033,1268.09,424.01,273.004,1061.06,756.031,2877.45,1702.16,1965.21,4727.21,2800.42,13496.8,8573.97,44025.4,12445.4,11009.5,12312.2,11497.1,9227.59,9451.82,7748.24,260.004,287.004,310.005,340.006
"RBM10",64197.8,48524.8,4085.9,6174.06,NA,NA,9023.4,9456.83,7703.2,8361.78,6566.33,10538,5133.42,19407.3,9667.04,NA,NA,1494.12,3253.57,NA,400.009,30848.3,19204.9,3562.69,6122.02,7359.92,8180.61
"E2F3",3213.56,2384.31,706.027,756.031,NA,931.047,12680.7,4226.96,7773.26,6508.29,5933.9,6311.15,4076.9,5071.39,7815.3,911.045,324.006,20489.6,16681,13093.3,6500.28,10059.5,14248,535.015,562.017,788.034,781.033
"IGF2",2459.33,2633.37,330.006,166.001,268.004,292.005,950.049,732.029,1550.13,1019.06,1087.06,1822.18,923.046,11542.2,7543.07,5578.68,708.027,13938.5,9727.11,12732.7,7117.73,5702.76,7502.04,220.003,443.011,367.007,285.004
"KCNH5",5525.65,5818.83,912.045,893.043,415.009,NA,919.046,707.027,2977.48,1270.09,2162.25,4917.31,2161.25,13720.2,9335.7,5825.83,15140.4,29060.5,20899.6,21011.8,17357.3,18213.9,20255.1,197.002,402.009,489.013,624.021
"RARG",1762.17,1684.15,170.002,115.001,NA,182.002,317.005,353.007,1050.06,659.023,761.031,941.048,621.021,2861.44,1894.19,6853.54,2294.28,10090.5,5770.8,4642.16,2439.32,5824.83,7055.69,229.003,209.002,219.003,227.003
"ZFP532",889.043,712.027,107.001,103.001,NA,148.001,171.002,303.005,363.007,151.001,275.004,1534.13,1021.06,3137.53,6050.98,5698.75,2140.25,4039.88,2876.45,2222.27,1456.11,3482.66,1505.12,142.001,112.001,142.001,163.001
"NDST4",525.015,367.007,359.007,329.006,117.001,295.005,361.007,366.007,549.016,421.01,394.008,976.052,864.04,4746.22,9151.52,2456.33,643.022,3458.65,3042.5,2779.42,6955.61,3079.51,2106.24,114.001,135.001,130.001,163.001
"FIGN",5152.43,3973.85,239.003,335.006,415.009,713.027,290.005,277.004,133.001,152.001,168.002,754.031,469.012,3393.62,960.05,5100.4,762.031,8381.79,15673.3,11110.7,13038.2,1386.1,1455.11,115.001,156.001,137.001,124.001
"MARCKS",3786.77,2494.34,NA,NA,NA,389.008,1319.09,919.046,2724.4,1405.11,1970.21,2792.42,2881.45,7074.7,8148.59,NA,NA,39085.3,28144.7,22084.3,10461.9,13018.1,11490.1,215.003,353.007,337.006,482.013
"NIPBL",6791.49,6145.04,1138.07,1272.09,1868.19,1182.08,6602.35,4638.16,6528.3,6514.29,4208.96,11768.5,4855.27,11862.6,16858.3,3268.58,2525.34,43415.6,37173.5,30049.7,25668.5,14464.3,14533.4,303.005,405.009,343.006,518.015
"TRP63",NA,NA,320.006,683.025,NA,NA,420.01,307.005,291.005,388.008,267.004,NA,NA,2900.45,4798.24,2264.28,4504.1,NA,593.019,361.007,NA,13070.2,15180.4,194.002,367.007,244.003,346.006
"SEMA6A",2881.45,1676.15,465.012,416.009,186.002,NA,360.007,262.004,579.018,368.007,498.013,2458.33,750.03,890.043,2266.28,15750.4,1265.09,13966.5,11465.1,5351.55,3338.6,6231.1,6020.96,134.001,266.004,124.001,151.001
"MEF2C",997.054,930.047,215.003,213.002,NA,NA,577.018,600.019,760.031,248.003,438.01,834.038,1473.12,2357.3,2590.36,5231.48,2123.24,5288.51,4516.1,1703.16,1713.16,3698.74,4768.23,119.001,170.002,137.001,193.002
"STOX2",NA,NA,NA,NA,23702.3,25646.5,NA,NA,NA,NA,NA,21804.6,70980,NA,NA,NA,NA,67047.9,65379,28289.2,14651.6,NA,NA,NA,NA,NA,NA
"SYTL2",7731.23,4097.91,758.031,826.037,219.003,370.007,344.006,532.015,642.022,547.016,1237.08,2561.35,2845.44,29025.4,15195.5,50820.1,1952.21,3472.65,11948.7,10172.6,7172.78,5728.77,4420.06,266.004,227.003,234.003,468.012
"GPR21",4261.98,2207.26,563.017,1274.09,524.015,606.02,1164.07,592.019,1771.17,1598.14,1226.08,4934.31,4003.87,5973.93,5043.37,24892.4,19825.2,13116.3,19862.3,14542.4,10745.2,10100.5,8957.33,170.002,312.005,443.011,405.009
"FILIP1",4071.9,3597.7,1462.12,2639.38,NA,306.005,2003.22,1478.12,3425.63,8940.31,1687.15,4977.34,6977.63,13358.6,10560,38654.5,7227.82,25831,17576.7,17029.7,9458.83,15394.8,10975.5,360.007,736.029,328.006,512.014
"MED26",19718,24463.3,945.048,858.04,2570.36,NA,5569.67,6393.21,9222.59,7641.15,5308.52,6452.25,7840.32,16709.1,6395.21,1522.13,7382.94,23882.8,24941.5,22026.2,25054.9,22139.4,30594.5,2312.29,4205.96,2637.38,2381.31
"EDN1",8114.56,7449,NA,NA,NA,NA,1861.19,3067.51,9534.91,5222.47,5328.53,6631.37,12964.1,26148.9,13184.4,162457,2955.47,85932.9,81320.5,66471.7,35797.1,140064,96494.2,496.013,430.01,549.016,1198.08
"FOXP2",970.051,868.041,178.002,152.001,NA,639.022,297.005,353.007,617.021,315.005,574.018,1169.07,2317.29,3771.77,591.019,10016.4,754.031,4351.02,2778.42,2969.48,1339.1,1700.16,2037.22,234.003,155.001,159.001,163.001
"NEUROD6",594.019,412.009,73.0003,79.0003,NA,95.0005,144.001,128.001,331.006,157.001,360.007,1815.18,3568.69,2012.22,1693.15,11622.3,1137.07,1443.11,1662.15,465.012,736.029,1158.07,2014.22,118.001,86.0004,90.0004,121.001
"GRHL2",4474.08,3049.5,NA,471.012,NA,NA,123.001,142.001,307.005,181.002,269.004,2580.36,1070.06,7412.97,5737.78,14093.7,2947.47,8810.19,10050.5,2318.29,2637.38,6925.59,4458.07,258.004,216.003,250.003,557.017
"GABRA1",NA,NA,1445.11,972.051,NA,NA,1713.16,3143.53,2341.3,1487.12,1311.09,2110.24,2629.37,NA,841.038,33634,8440.85,15034.2,6533.3,33295.8,58830.3,21013.8,11763.5,NA,NA,NA,NA
"LRR4C",877.042,754.031,268.004,222.003,102.001,173.002,172.002,184.002,553.016,193.002,273.004,705.027,2549.35,7104.73,6614.36,14791.8,1123.07,5384.57,6623.37,3267.58,3228.56,1758.17,3313.59,139.001,122.001,131.001,178.002
"NFIA",3097.52,2095.24,302.005,643.022,NA,NA,137.001,284.004,672.024,564.017,498.013,910.045,7168.77,3106.52,2223.27,2111.24,1172.07,4356.02,13209.4,4144.93,4977.34,3525.67,6115.02,220.003,121.001,257.004,228.003
"NREP",10322.8,5939.9,3148.54,3041.5,339.006,NA,552.017,1036.06,1287.09,466.012,560.017,5403.58,15869.6,16729.1,9510.88,5187.45,9653.03,19771.1,32432.7,10217.6,10113.5,17149.9,38503.9,267.004,616.021,751.03,867.041
"EBF2",3980.86,1992.21,295.005,415.009,NA,NA,275.004,510.014,726.029,376.008,170.002,2803.42,2799.42,7933.4,5705.76,1882.19,2774.42,5607.7,9513.89,2018.22,1127.07,3656.72,4614.15,258.004,221.003,284.004,581.018
"SLC5A3",2471.33,1278.09,195.002,218.003,NA,NA,139.001,221.003,645.022,540.016,360.007,106200,27946.1,8681.07,9039.41,17567.7,1221.08,6464.26,8790.17,1670.15,1462.12,4090.9,5507.64,141.001,194.002,240.003,162.001
"FGF10",3218.56,1726.16,132.001,276.004,NA,NA,443.011,397.009,807.035,834.038,418.009,4547.12,5063.38,5425.59,4220.96,17589.7,6785.49,9144.51,6601.35,5668.73,2693.39,5189.45,3747.76,222.003,403.009,185.002,231.003
"GM8300",1644.15,778.033,NA,102.001,701.026,NA,282.004,388.008,243.003,151.001,125.001,4188.95,5128.42,4717.2,8105.55,5393.57,335.006,4397.04,12530.5,5732.77,3069.51,2531.35,4299,168.002,150.001,186.002,169.002
"KLF7",1754.17,1541.13,1186.08,1257.09,1330.1,1092.06,2562.35,1793.17,560.017,1370.1,1285.09,4327.01,26969.2,26330.4,30880.4,2956.47,2653.38,9450.82,10087.5,10817.3,14895,3065.51,2878.45,200.002,800.035,408.009,556.017
"AMD1",960.05,956.049,333.006,279.004,283.004,245.003,419.009,520.015,348.007,347.007,548.016,529.015,2514.34,4972.33,6942.6,2646.38,701.026,7028.67,11857.6,7061.69,11870.6,1465.12,1334.1,118.001,178.002,119.001,193.002
"HCV",5633.71,5797.81,1398.11,1342.1,NA,NA,1928.2,2253.27,1184.08,1299.09,1556.13,1869.19,4092.9,35064.3,90269.9,396.008,4027.88,14905,34062.5,15464.9,17186.9,4601.14,3123.53,185.002,1059.06,1624.14,1172.07
"PRF",582.018,661.024,264.004,746.03,318.005,240.003,475.012,318.005,1026.06,767.032,890.043,3287.58,38627.4,5147.43,5234.48,NA,1341.1,3570.69,5637.72,2678.39,1840.18,4623.15,2013.22,91.0005,110.001,159.001,177.002
"DDX17",13417.7,17851.2,4182.95,3991.86,NA,899.044,2604.37,4815.25,3438.64,4011.87,3365.61,6746.46,15893.6,76058.1,108487,36864.2,16897.4,76888.9,80476.2,53828,67782.2,50679.3,25358.7,1232.08,4002.87,3027.5,5249.49
"ARHGEF9",380.008,451.011,200.002,115.001,NA,NA,199.002,141.001,206.002,210.002,162.001,299.005,4269.98,3332.6,5571.68,4242.97,1784.17,2148.25,2254.27,2015.22,952.049,916.045,1105.07,98.0005,108.001,88.0004,101.001
"NFE2L1",589.019,901.044,356.007,296.005,168.002,593.019,1192.08,1428.11,2246.27,833.038,2863.44,1100.07,3143.53,15681.3,18411.3,585.018,5158.44,8530.93,7209.81,6877.55,5665.73,4018.87,2351.3,224.003,180.002,187.002,348.007
"WDTC1",831.037,1737.16,505.014,297.005,NA,NA,465.012,555.017,295.005,495.013,378.008,6702.42,251822,4478.08,10288.7,5404.58,4038.88,2275.28,5116.41,3587.69,6020.96,1334.1,1026.06,126.001,153.001,193.002,449.011
"TEK",754.031,1899.19,1351.1,1397.11,840.038,768.032,889.043,939.048,1077.06,950.049,1116.07,1978.21,2077.23,9941.33,21329.5,4201.95,13240.5,5918.89,9570.94,5138.43,8382.79,4343.02,1894.19,640.022,551.016,394.008,546.016
"ZEB2",3694.74,6666.4,4616.15,1780.17,1982.21,596.019,2013.22,2739.41,5351.55,2507.34,4071.9,797.034,5339.54,36565.1,45988.9,59598.2,1875.19,45149.8,82460.6,49937.3,46205,11128.7,5434.6,294.005,1597.14,473.012,837.038
"AMD2/1",719.028,2006.22,436.01,311.005,355.007,322.006,489.013,441.011,234.003,387.008,366.007,476.012,808.035,5911.89,15140.4,8204.63,5237.48,4593.14,7896.37,5668.73,4803.25,4163.94,3653.72,137.001,299.005,87.0004,145.001
"FEZF2",723.028,3480.65,NA,NA,NA,NA,694.026,694.026,81.0004,76.0003,67.0002,416.009,3081.51,10470.9,27939.1,186.002,203.002,7565.09,7040.68,4384.04,8887.26,289.005,210.002,130.001,182.002,169.002,275.004
"RTKN",NA,NA,NA,NA,NA,18758,NA,NA,NA,NA,NA,20321.3,109979,294519,438296,NA,NA,103333,88692.8,69463.6,35038.2,NA,NA,NA,NA,NA,NA
"NCAM1",NA,8245.67,NA,NA,25375.7,NA,NA,NA,NA,NA,NA,4935.32,32688.6,82495.9,139661,NA,NA,15178.4,41772,NA,24724,NA,NA,NA,NA,NA,NA
"AZIN1",NA,6214.08,NA,NA,NA,NA,NA,NA,NA,NA,NA,6758.47,36837.1,NA,NA,NA,NA,46425.1,24441.2,NA,12937,NA,NA,NA,NA,NA,NA
"RNF220",NA,NA,NA,NA,NA,33434.3,30765,NA,NA,NA,NA,7148.76,14405.2,105458,142577,NA,NA,47882.5,52411.9,NA,30360.7,NA,NA,NA,NA,NA,NA
"CNTN4",1401.11,4390.04,647.023,819.036,562.017,489.013,1290.09,777.033,1011.06,1097.06,1221.08,1153.07,29197,7624.14,19895.4,1682.15,2437.32,11324.9,16609.9,9192.56,8423.83,3712.74,1751.17,200.002,265.004,263.004,263.004
"TRIB2",4248.98,10589.1,1968.21,1288.09,943.048,367.007,1814.18,2531.35,1585.14,2234.27,3034.5,631.021,3760.76,22608.6,42721.3,19428.4,19103.7,35169.7,36788.9,27822.7,31175.4,9253.62,7264.85,721.028,673.024,511.014,682.025
"SOX6",587.019,3366.61,644.022,464.012,468.012,310.005,496.013,442.011,421.01,390.008,408.009,415.009,1173.07,4093.91,4085.9,2056.23,12076.9,186.002,3262.57,5882.87,6804.5,4085.9,3614.71,233.003,268.004,202.002,166.001
"ELAVL4",233.003,283.004,911.045,614.02,NA,NA,1314.09,895.043,548.016,931.047,2346.3,238.003,893.043,15526,24991.7,9552.93,11261.8,NA,NA,NA,286.004,10863.4,3655.72,219.003,120.001,144.001,172.002
"COL5A2",NA,NA,616.021,742.03,NA,NA,NA,NA,539.016,965.05,776.033,1383.1,30330.6,3774.77,NA,NA,NA,NA,NA,594.019,NA,NA,NA,171.002,NA,115.001,NA
"UBE4B",NA,NA,4658.17,3224.56,NA,18718.9,NA,NA,22781,24226.7,25537.2,16774.2,79817.6,388112,310741,34771.2,42082.4,32468.8,31208.5,11495.1,6603.35,23865.7,17682.9,NA,NA,NA,NA
"MAP2K6",424.01,1242.08,101.001,146.001,NA,NA,323.006,258.004,604.02,575.018,733.029,214.002,1307.09,7131.75,7178.78,4529.11,6033.97,3525.67,3509.67,1756.17,2186.26,1718.16,1791.17,216.003,280.004,117.001,133.001
"KCNA4",NA,NA,NA,1207.08,NA,NA,20671,NA,4517.1,3761.76,4292.99,12164,65585.5,301016,230991,48402.2,37093.2,38546.1,43998.3,NA,NA,16337.4,10252.7,NA,NA,NA,NA
"FGF7",585.018,737.029,170.002,239.003,199.002,208.002,382.008,471.012,306.005,225.003,234.003,1394.1,3308.59,4033.88,10105.5,352.007,396.008,3079.51,5186.45,3661.72,4083.9,1559.13,744.03,134.001,206.002,148.001,123.001
"GRIK2",6082,25205.3,4711.2,2983.48,1282.09,2708.4,5629.71,7604.12,4176.94,5401.58,6670.4,5742.78,8375.79,3294.59,1223.08,16369.5,20655,24552.5,33790.5,18136.7,28525.9,8942.32,6804.5,308.005,310.005,347.007,511.014
"ADAMTS6",400.009,779.033,324.006,151.001,137.001,136.001,270.004,169.002,102.001,339.006,153.001,224.003,1411.11,2019.22,2859.44,1273.09,1061.06,2484.33,3111.52,2853.44,2128.24,1176.07,844.038,116.001,97.0005,129.001,154.001
"EMX2",1602.14,7484.02,8539.94,4691.19,524.015,456.011,1233.08,1298.09,20764.3,12492.4,15052.2,1160.07,3864.81,8847.23,9297.67,144886,62310,12554.5,13994.6,9538.91,13689.1,137975,51899,374.008,296.005,221.003,342.006
"NFAT5",711.027,2011.22,682.025,263.004,NA,NA,262.004,250.003,483.013,204.002,707.027,251.003,911.045,2536.35,5586.69,2470.33,1972.21,10612.1,6753.46,6292.14,4868.28,7245.83,5417.58,134.001,119.001,173.002,83.0004
"GPC6",1627.14,7911.38,1217.08,549.016,NA,NA,1864.19,2065.23,1143.07,2147.25,3215.56,2191.26,11634.3,16636.9,19535.6,NA,7378.94,22216.6,16311.4,11087.6,8446.85,13503.8,4151.93,1000.05,436.01,705.027,318.005
"NKX2-1",637.022,2356.3,NA,134.001,188.002,NA,389.008,482.013,403.009,369.007,445.011,108.001,740.03,2379.31,7615.13,2232.27,212.002,3540.68,2262.28,2443.32,2205.26,1300.09,756.031,105.001,101.001,142.001,98.0005
"LPAR4",441.011,2270.28,146.001,215.003,276.004,159.001,255.004,237.003,587.019,318.005,443.011,866.041,3027.5,2714.4,5181.45,NA,NA,7084.71,5074.39,3470.65,5878.87,2095.24,842.038,135.001,109.001,101.001,70.0003
"LPAR4",753.031,1439.11,558.017,403.009,225.003,315.005,345.006,426.01,581.018,620.021,860.04,1297.09,3312.59,7177.78,16154.1,2717.4,3799.78,4073.9,4192.95,4372.03,5254.49,1636.14,863.04,146.001,166.001,157.001,198.002
"NR1D1",3536.68,10865.4,1691.15,1518.12,350.007,NA,766.032,872.041,735.029,757.031,720.028,225.003,472.012,8002.46,17155.9,14188.9,11735.4,10802.3,14862.9,10118.5,10838.3,7533.06,5097.4,220.003,346.006,305.005,395.008
"RALYL",1301.09,3927.83,516.014,810.036,386.008,NA,871.041,1337.1,1709.16,917.045,910.045,1074.06,3983.86,6295.14,7605.12,6775.48,5824.83,5603.7,7253.84,6373.19,5089.4,2409.31,1279.09,176.002,225.003,206.002,189.002
"CRYAB",7238.83,33104.1,NA,NA,996.054,NA,5411.58,4469.08,NA,NA,NA,15524,25322.6,114060,117701,NA,NA,131456,106145,123685,101543,NA,NA,875.041,2664.38,581.018,2110.24
"ZIC5",1185.08,5950.91,193.002,NA,226.003,NA,550.016,483.013,385.008,371.007,462.012,849.039,3599.7,6757.46,6517.29,11221.8,2436.32,8254.68,6860.54,10762.3,10103.5,8105.55,6016.95,147.001,219.003,451.011,173.002
"QRICH1",675.025,2202.26,555.017,433.01,363.007,320.006,895.043,1214.08,1101.07,1030.06,1364.1,492.013,1986.21,4281.99,8511.91,3042.5,3342.6,5102.41,4124.92,4290.99,3767.77,2489.33,1941.2,125.001,156.001,106.001,174.002
"UBE4B",32336.4,203032,5401.58,3487.66,15500,8749.13,29291.3,65817.1,52282.2,56273.5,56844,1227.08,8764.15,33836.7,44217.3,63294.6,87803.4,75340.3,69374.9,53750.6,36748.8,16452.6,18323.1,10397.8,6703.43,5995.94,8090.53
"UBE4B",24119.4,122485,NA,NA,8508.91,4785.24,23733.4,39759.2,24094.3,19810.2,32555.1,3425.63,22975.5,42983.5,30508.2,24302.9,103528,37301,45976.9,12716.7,30758,16318.4,5793.81,9717.1,5180.45,5342.54,5360.55
"ELAVL4",976.052,3404.63,1141.07,1881.19,528.015,954.049,6003.95,2407.31,2182.26,2757.41,3265.58,930.047,2359.3,14587.5,25386.8,407.009,12661.7,37585.1,28898,29378.5,26193,7963.42,4613.15,188.002,208.002,142.001,166.001
"S2B6",2645.38,10151.6,2323.29,3479.65,316.005,336.006,900.044,1535.13,1956.21,1271.09,5898.88,707.027,1123.07,18842.2,39870.7,39502.1,14335.1,14465.3,13135.3,11406,7938.4,7245.83,3278.58,316.005,832.037,589.019,492.013
"IKZF2",3462.65,12911,1128.07,1006.05,161.001,401.009,357.007,452.011,415.009,396.008,699.026,1093.06,2231.27,6686.41,7728.22,6440.24,4758.22,14645.6,21538,9077.45,7974.43,8724.11,2681.39,147.001,221.003,865.04,829.037
"FAM19A1",724.028,1687.15,449.011,482.013,211.002,433.01,576.018,444.011,305.005,414.009,345.006,610.02,1689.15,2099.24,9381.75,6098.01,1628.14,12984.1,10740.2,13798.3,10285.7,8597.99,6604.35,169.002,158.001,168.002,220.003
"ASXL2",4377.04,NA,5949.91,1097.06,NA,1065.06,3396.62,8611,6349.18,6299.14,12097.9,2080.23,3834.79,11083.6,12048.8,7752.24,16502.7,44502.7,38549.1,33284.7,29481.9,19795.1,14041.6,4180.94,1472.12,991.053,3827.79
"SYNPR",1312.09,2384.31,534.015,157.001,372.008,160.001,491.013,402.009,530.015,552.017,819.036,392.008,1573.13,2255.27,12027.8,15153.4,10108.5,8584.98,6304.15,6758.47,6878.55,5244.48,3051.5,233.003,145.001,420.01,135.001
"SLC22A17",1924.2,7113.73,295.005,297.005,NA,289.005,87.0004,NA,385.008,908.045,716.028,386.008,657.023,9986.38,11865.6,2459.33,4376.03,8213.64,8472.88,6847.53,4738.21,4240.97,2987.48,140.001,110.001,193.002,156.001
"UBE4B",776.033,1930.2,NA,562.017,NA,NA,169.002,141.001,366.007,332.006,452.011,614.02,1308.09,6242.1,6714.43,10852.4,5070.39,7129.74,12186,3003.49,3380.62,4137.93,1537.13,NA,126.001,143.001,125.001
"ELMSAN1",9372.74,36001.9,5632.71,10919.4,1772.17,7060.69,15668.2,30598.5,31466.4,41348.1,45498.5,NA,NA,64057.8,102645,35405.6,32974.6,76343.4,91513,77560.5,54366.1,16018.8,7870.34,2630.37,2303.29,858.04,1671.15
"EHBP1",1069.06,3301.59,553.016,653.023,171.002,260.004,890.043,460.011,300.005,389.008,289.005,537.016,868.041,4852.27,11030.6,1441.11,1423.11,4178.94,5074.39,5666.73,3509.67,1805.18,767.032,106.001,177.002,151.001,241.003
"SLC25A14",37924.5,181744,26217.1,11066.6,19265,44994.1,146977,302284,61010.4,71869.9,124147,31735.3,44100.8,157271,88766.5,57451.7,25590.3,144282,176679,104004,90216.4,119540,41077.9,6834.52,6925.59,5759.79,6832.52
"SYNPR",855.04,1913.2,545.016,563.017,148.001,193.002,NA,NA,473.012,324.006,512.014,1967.21,4199.95,6178.06,13386.7,5837.84,971.051,9060.43,9455.83,7341.91,4234.97,1208.08,779.033,204.002,293.005,117.001,404.009
"NTNG1",657.023,793.034,210.002,214.002,156.001,NA,340.006,394.008,247.003,327.006,323.006,433.01,1685.15,1664.15,4314.01,965.05,2661.38,7157.77,4795.24,3827.79,1786.17,2039.22,1144.07,161.001,210.002,121.001,115.001
"HIPK3",4878.29,6602.35,1874.19,668.024,2282.28,2267.28,10448.9,21248.4,6877.55,8590.98,11527.2,9682.06,19291.1,15723.3,13575.9,9694.07,7687.19,13646,14387.2,9124.49,8914.29,7476.02,5165.44,751.03,831.037,840.038,819.036
"CHRDL1",19250,72417.1,4204.96,3862.81,NA,NA,6134.03,3568.69,3687.73,4886.29,9916.31,3507.66,16054.9,53623.8,117598,71760,136597,85418.2,87998.2,65991.3,59504.6,62028.1,34502.2,1799.17,1581.14,2016.22,3185.55
"SOX2",1826.18,5662.73,978.052,586.019,705.027,764.032,2672.39,4813.25,3597.7,2985.48,3712.74,3721.75,5016.36,20061.7,13400.7,1139.07,7254.84,9934.33,15506,3667.73,6065.99,6409.22,1891.19,471.012,284.004,315.005,396.008
"N4BP2",590.019,1059.06,443.011,371.007,193.002,182.002,174.002,265.004,227.003,229.003,372.008,170.002,678.025,2759.41,5412.58,918.046,403.009,2399.31,2786.42,3471.65,3415.63,423.01,299.005,140.001,157.001,140.001,104.001
"PTPRG",8388.8,23862.7,1968.21,1471.12,849.039,483.013,536.016,915.045,144.001,110.001,183.002,802.035,3099.52,28151.7,23129.9,46835.2,21088,16756.1,25307.5,8035.49,9246.61,5729.77,3535.68,2460.33,2606.37,2382.31,2548.35
"SPTB",NA,NA,NA,NA,NA,20404.5,NA,89059.3,NA,NA,NA,15178.4,54033.2,188269,228146,NA,NA,54752.4,56636.7,48576.1,41283.8,NA,NA,NA,NA,NA,NA
"MYT1",NA,NA,NA,NA,7541.07,61795.5,NA,149041,NA,NA,NA,13670.1,44502.7,176314,559515,NA,NA,106868,130471,49960.4,50124.3,NA,NA,NA,NA,NA,NA
"HIVEP3",465.012,894.043,78.0003,181.002,NA,NA,166.001,179.002,438.01,306.005,681.025,129.001,465.012,832.037,2655.38,821.036,3174.54,3342.6,3765.77,4732.21,2515.34,2716.4,3011.49,122.001,75.0003,76.0003,122.001
"GABRG2",911.045,2130.24,85.0004,238.003,149.001,NA,336.006,278.004,204.002,205.002,192.002,276.004,904.044,914.045,1326.09,1108.07,2627.37,5429.59,4499.09,4048.89,3378.62,1728.16,1757.17,146.001,164.001,129.001,121.001
"TJAP1",1860.19,5764.79,438.01,484.013,399.009,NA,802.035,1528.13,670.024,780.033,1039.06,435.01,91.0005,11200.8,9299.67,14125.8,5414.58,7194.79,7911.38,6487.27,4833.26,2608.37,1989.21,303.005,382.008,366.007,386.008
"PDZRN4",867.041,5746.78,499.013,645.022,1127.07,NA,839.038,1036.06,1174.07,1493.12,1260.09,3667.73,23975,29497.9,39963,2365.3,15536,11592.3,20627,7751.24,10804.3,5391.57,2317.29,166.001,175.002,204.002,265.004
"DICER1",433.01,785.033,350.007,493.013,NA,249.003,697.026,805.035,386.008,407.009,331.006,NA,733.029,6838.52,11752.5,290.005,535.015,2077.23,2748.41,1668.15,1365.1,1161.07,701.026,197.002,241.003,196.002,208.002
"TRPM7",6336.17,25643.5,3390.62,7264.85,859.04,1945.2,2578.36,5586.69,3342.6,3234.57,2976.48,581.018,2617.37,26876,38301.1,13843.3,18115.7,28407.5,27512.8,27952.1,19547.6,13167.4,8974.35,383.008,814.036,571.018,587.019
"LHX1",3208.56,11637.3,1543.13,896.043,NA,NA,761.031,1172.07,869.041,665.024,882.042,860.04,2338.3,35116.5,12569.5,NA,NA,23217.1,20305.2,14194.9,12693.7,7362.93,4522.1,294.005,217.003,329.006,320.006
"HHIP",1535.13,4032.88,260.004,388.008,276.004,NA,617.021,839.038,751.03,494.013,461.011,285.004,1933.2,6066.99,10726.2,258.004,2166.25,8241.67,9361.73,11243.8,7119.74,4105.91,3543.68,197.002,142.001,200.002,258.004
"DLG2",1039.06,2734.4,NA,182.002,NA,NA,534.015,498.013,815.036,1095.06,883.042,320.006,613.02,5771.8,12295.2,1606.14,5829.83,20586.9,9249.62,10192.6,4867.28,9501.87,5296.51,161.001,125.001,232.003,120.001
"DCC",1484.12,4481.08,NA,453.011,NA,NA,549.016,743.03,444.011,332.006,560.017,724.028,956.049,3077.51,12737.8,5044.37,10598.1,8206.64,7064.69,4890.29,3716.75,2033.22,1218.08,132.001,405.009,142.001,167.002
"MAGI1",2295.28,6885.56,505.014,786.033,NA,NA,946.048,1855.19,2159.25,1347.1,2569.36,2092.24,1909.2,4511.1,20024.6,4394.04,29770.8,8806.19,10189.6,9795.18,5483.62,3408.63,1859.19,245.003,500.013,3403.63,653.023
"PHACTR1",4160.93,13759.2,253.003,1423.11,NA,NA,885.042,806.035,1149.07,1912.2,1240.08,236.003,1780.17,3056.5,1003.05,11714.4,63610.8,11578.2,12930,8548.95,7851.33,3342.6,1232.08,111.001,90.0004,120.001,139.001
"EED",NA,NA,NA,NA,37224.7,62936.2,NA,NA,NA,NA,NA,33652,46167.8,432376,450691,NA,NA,68755.3,64914.8,114248,86978.6,NA,NA,NA,NA,NA,NA
"RBBP6",NA,17898.3,NA,NA,22663.7,37009.8,47700.6,NA,NA,NA,NA,39925.9,89562.1,127583,224691,NA,NA,84636.1,74347.3,29531,33855.8,NA,NA,NA,NA,NA,NA
"HEXIM1",NA,13330.6,NA,NA,NA,16649,NA,145503,NA,NA,NA,16939.5,23477.7,231905,314233,NA,NA,62129.8,66378.1,36655.4,37488.7,NA,NA,NA,NA,NA,NA
"PTMS",4757.22,NA,NA,NA,25767.8,21670.3,NA,88124.4,NA,NA,NA,9194.56,34949.8,268718,392418,NA,NA,86671.8,36168.5,61688.8,52165.5,NA,NA,NA,NA,NA,NA
"AUTS2",NA,NA,NA,NA,23688.3,NA,NA,132568,NA,NA,NA,13367.6,21323.5,437401,412517,NA,NA,72464.5,38069.1,NA,27912,NA,NA,NA,NA,NA,NA
"SETD1B",NA,41921.7,NA,NA,39258,66867.6,NA,116453,NA,NA,NA,15885.6,53873.3,276631,360084,NA,NA,26858.9,113816,50486.3,38294,NA,NA,NA,NA,NA,NA
"PURA",NA,16365.5,NA,NA,38023.9,83371.7,NA,306220,NA,NA,NA,6578.34,27734.5,267358,312820,NA,NA,56347.9,42040.2,NA,34894.6,NA,NA,NA,NA,NA,NA
"ZAFP503",NA,NA,NA,NA,24969.6,33130.2,NA,NA,NA,NA,NA,NA,56951.6,NA,NA,NA,NA,31210.5,81289.3,NA,32059.4,NA,NA,NA,NA,NA,NA
"NLK",720.028,1291.09,476.012,680.025,175.002,379.008,354.007,851.039,564.017,221.003,326.006,742.03,4130.92,3722.75,11695.4,2701.39,242.003,7695.2,8691.08,8645.04,8745.13,3786.77,1255.09,267.004,177.002,140.001,95.0005
"JMJD1C",821.036,2239.27,604.02,714.028,523.015,242.003,885.042,957.049,534.015,636.022,641.022,1996.22,6801.5,7118.74,13549.9,4956.33,5858.85,15056.2,16818.3,3762.76,3580.69,4456.07,2584.36,131.001,208.002,153.001,229.003
"D830031N03RIK",1249.08,1512.12,264.004,183.002,NA,NA,700.027,1799.17,968.051,1053.06,1378.1,5038.37,12950.1,3105.52,3286.58,2084.23,462.012,4382.04,5274.5,2504.34,1786.17,1424.11,1464.12,247.003,139.001,226.003,170.002
"RUNX1",1204.08,1437.11,74.0003,195.002,302.005,210.002,309.005,808.035,525.015,658.023,409.009,2102.24,11922.7,6071.99,9553.93,17194,17962.4,7812.3,9860.25,6328.16,5269.5,11807.5,3412.63,132.001,206.002,230.003,120.001
"SRSF11",535.015,935.047,NA,125.001,171.002,170.002,236.003,300.005,104.001,175.002,159.001,1993.21,5994.94,4302,6507.29,1205.08,1994.21,4309,6481.27,3572.69,3314.59,3053.5,1805.18,91.0005,117.001,80.0004,85.0004
"ZFP462",1171.07,3053.5,NA,NA,545.016,536.016,1518.12,3475.65,1372.1,1206.08,1718.16,3106.52,16467.6,6525.3,9889.28,5013.36,12611.6,12019.8,12827.9,8787.17,6626.37,6253.11,3839.8,162.001,305.005,182.002,158.001
"SLC12A5",20837.4,71005.2,2364.3,945.048,NA,NA,6348.18,10494.9,8935.31,10369.8,13440.7,15841.5,30974.7,74105.4,76749.8,45994,139359,52439.1,120063,58105.8,37303,26558,15404.8,1272.09,907.044,1848.18,985.052
"SMARCA2",1175.07,1526.13,NA,319.006,601.02,NA,508.014,1068.06,483.013,741.03,1043.06,503.014,3700.74,13916.5,35050.2,9473.84,12351.2,18838.1,21625.2,8064.51,6008.95,6077.99,3213.56,255.004,239.003,137.001,108.001
"TAOK1",NA,NA,1966.21,1443.11,431.01,482.013,980.052,1297.09,1303.09,1483.12,1633.14,1214.08,3594.7,8107.55,18190.9,12999.1,13610,21436.8,16743.1,12020.8,10276.7,3455.65,2750.41,296.005,394.008,270.004,438.01
"ANK3",1478.12,1582.14,925.046,1715.16,1145.07,2769.41,1264.09,4005.87,3309.59,2154.25,2610.37,4198.95,10015.4,21690.4,45322.7,7161.77,11818.5,25238.4,18309.1,24977.6,19729,9459.83,4061.89,154.001,159.001,185.002,148.001
"RAI1",7479.02,21867.8,4171.94,1439.11,NA,NA,712.027,2353.3,2418.32,3407.63,2268.28,5025.36,19138.8,26314.3,18526.5,22483.3,22903.3,46906.5,83053.8,33190.4,29026.4,9810.19,14112.7,644.022,1365.1,1070.06,1761.17
"LRRTM3",521.015,724.028,86.0004,152.001,308.005,370.007,414.009,505.014,415.009,333.006,304.005,22460.2,94014.9,4143.93,13279.5,1853.19,539.016,3110.52,7628.14,2992.48,2599.36,3094.52,2277.28,100.001,86.0004,111.001,132.001
"TIAL1",5992.94,20811.4,672.024,332.006,6798.49,5652.73,25005.7,48423.3,20178,24248.7,39827.5,3338.6,23317.3,13549.9,9876.27,14907,10652.1,15851.6,21656.3,16616.9,8344.76,13345.6,7316.89,1355.1,1232.08,1034.06,2175.26
"SENP3",15463.9,22776,2139.25,857.04,9742.12,9287.66,20263.1,53240.6,20384.4,20020.6,35591.3,12552.5,50954.8,20179,20437.5,29033.5,22807.1,40445.1,51765.3,45286.5,32611.3,25225.3,19169.8,2027.22,2011.22,1887.19,1934.2
"FAM193B",NA,NA,NA,NA,35401.5,112729,NA,NA,NA,NA,NA,16191.1,73298,474701,589047,NA,NA,154536,235573,31604.9,20314.3,NA,NA,NA,NA,NA,NA
"PPM1B",NA,NA,NA,NA,56745.4,88252.6,NA,NA,NA,NA,NA,21421.7,236975,311330,409696,NA,NA,55682.9,77669.4,NA,36176.5,NA,NA,NA,NA,NA,NA
"DEDD",NA,NA,NA,NA,79641,72507.8,NA,NA,NA,NA,NA,83925.6,289842,550217,322750,NA,NA,99296.6,139191,86461.8,152515,NA,NA,NA,NA,NA,NA
"HCV",2857.44,4560.12,657.023,4458.07,NA,679.025,1064.06,2571.36,2375.3,2050.23,1348.1,5173.45,34388.7,20843.4,10255.7,2145.25,1206.08,33240.6,38154.5,21789.6,15242.5,1643.15,1226.08,316.005,607.02,NA,1384.1
"S3C1",360.007,437.01,NA,NA,135.001,NA,235.003,140.001,NA,NA,NA,6661.4,32245,3067.51,2028.22,NA,NA,2089.24,3699.74,2196.26,2297.28,NA,NA,85.0004,119.001,NA,103.001
"CSDE1",2613.37,3357.61,1187.08,1545.13,NA,2687.39,10047.4,17713.9,7087.71,7835.31,9817.2,58791.1,143568,10271.7,2765.41,7439.99,11831.6,20961.7,29432.7,21647.3,15850.6,13258.5,20998.8,1030.06,1131.07,1026.06,1301.09
"KMT2E",1432.11,1672.15,374.008,521.015,192.002,276.004,444.011,422.01,388.008,680.025,361.007,4498.09,25335.6,6398.21,5100.4,526.015,603.02,11512.2,11841.6,10316.7,9961.36,2159.25,2676.39,144.001,185.002,173.002,159.001
"TBR1",342.006,446.011,380.008,430.01,NA,NA,199.002,155.001,186.002,204.002,128.001,3814.79,4403.05,11413,6760.47,9468.84,468.012,6012.95,4463.08,3196.55,2090.24,2145.25,1886.19,67.0002,129.001,NA,155.001
"LRP1",293.005,324.006,207.002,483.013,NA,NA,168.002,173.002,236.003,299.005,145.001,1060.06,2616.37,4889.29,887.042,645.022,899.044,2380.31,4071.9,1813.18,501.014,2751.41,5350.55,89.0004,78.0003,117.001,186.002
"EIF4G3",NA,NA,NA,NA,28917.1,NA,NA,NA,NA,NA,NA,264893,179102,402743,NA,NA,NA,68184.1,55439.5,49122,NA,NA,NA,NA,NA,NA,NA
"CNTN6",817.036,974.051,454.011,1427.11,362.007,282.004,NA,NA,553.016,955.049,976.052,2698.39,6471.26,344.006,1304.09,627.021,3303.59,5369.56,7543.07,8026.48,7784.27,718.028,671.024,111.001,111.001,91.0005,101.001
"PBX1",198.002,202.002,61.0002,84.0004,102.001,173.002,116.001,74.0003,98.0005,76.0003,84.0004,1126.07,8004.46,426.01,188.002,260.004,335.006,149.001,221.003,214.002,195.002,327.006,384.008,49.0001,58.0002,NA,60.0002
"CACNG2",202.002,301.005,100.001,220.003,131.001,NA,158.001,136.001,129.001,168.002,94.0005,1064.06,1640.15,233.003,NA,989.053,708.027,1671.15,4239.97,2272.28,1092.06,1294.09,1170.07,59.0002,69.0003,52.0002,51.0001
"CHD2",224.003,199.002,132.001,146.001,NA,NA,131.001,147.001,159.001,162.001,176.002,1876.19,5062.38,585.018,NA,373.008,682.025,1574.13,2574.36,1593.14,443.011,1702.16,1480.12,82.0004,83.0004,NA,114.001
"MBNL1",NA,NA,NA,NA,NA,35696.7,NA,130542,NA,NA,NA,133816,656743,NA,NA,NA,NA,103425,121179,83065.9,98277.8,NA,NA,NA,NA,NA,NA
"INTS6",555.017,757.031,452.011,280.004,NA,NA,356.007,247.003,208.002,410.009,231.003,3203.55,23564,9614.99,2122.24,4277.99,1171.07,8286.71,13040.2,8260.68,3541.68,2951.47,4134.92,225.003,305.005,169.002,242.003
"DLG3",420.01,464.012,227.003,321.006,NA,NA,395.008,277.004,494.013,422.01,387.008,8837.22,63527.2,3837.8,285.004,2974.48,771.032,6467.26,7012.65,5445.6,3153.54,1691.15,3437.64,79.0003,100.001,99.0005,66.0002
"FGF9",412.009,341.006,346.006,603.02,105.001,184.002,340.006,197.002,198.002,309.005,260.004,5848.85,5680.74,10428.9,3307.59,8238.66,3286.58,7160.77,8344.76,4321.01,2264.28,1561.13,1499.12,137.001,99.0005,145.001,125.001
"SRGAP2",3549.68,3846.8,1865.19,2789.42,304.005,2539.35,1033.06,1662.15,3185.55,3287.58,1697.16,15146.4,14579.5,8413.82,6917.58,4368.03,3506.66,39810.4,31603.8,89530.8,41660.5,12736.8,17364.3,374.008,563.017,424.01,320.006
"SERTAD2",1021.06,1417.11,1351.1,3820.79,NA,NA,1299.09,1126.07,1395.11,2554.35,3047.5,5766.8,15412.8,9533.91,4382.04,11240.8,21362.6,11160.7,11435.1,5832.84,5289.51,3342.6,8675.06,308.005,679.025,219.003,296.005
"NLK",334.006,407.009,201.002,459.011,NA,138.001,231.003,209.002,244.003,302.005,281.004,1488.12,3971.85,8726.11,836.038,1049.06,1958.21,3742.76,5063.38,5174.45,4253.98,4981.34,7170.77,101.001,133.001,66.0002,82.0004
"TCF7L2",294.005,543.016,257.004,737.029,147.001,NA,334.006,291.005,498.013,777.033,1237.08,2041.22,4669.18,3306.59,447.011,1649.15,2462.33,8452.86,14470.3,8877.25,2441.32,2416.32,7359.92,194.002,108.001,87.0004,76.0003
"CNOT3",22009.1,25343.6,5337.54,11549.2,8190.62,26721.5,89595.4,74195.1,41040.8,40572.7,79509.9,61035.5,446648,20129.9,13844.3,30236.3,772.032,100182,82756.2,94479.6,38618.4,50006.7,113029,7751.24,10357.8,4849.27,7200.8
"CTDSP2",10117.5,10918.4,4534.11,3937.84,NA,NA,39558.3,27209.9,NA,NA,NA,19813.2,121736,855.04,568.017,1517.12,479.012,15752.4,13138.3,10203.6,5172.44,2779.42,4121.92,NA,3065.51,2296.28,2487.33
"RFX7",1289.09,1694.16,787.034,1420.11,NA,NA,3195.55,2708.4,2249.27,2705.39,3183.55,4460.07,29909.2,5920.89,1462.12,283.004,2414.31,15094.3,10793.3,9049.42,2694.39,5809.82,4204.96,212.002,752.03,242.003,254.004
"ELAVL4",508.014,563.017,737.029,989.053,NA,NA,1211.08,907.044,563.017,727.029,1103.07,4264.98,21754.5,9427.8,11205.8,3872.81,1211.08,25546.2,16850.3,13656.1,14167.8,6862.54,11379,78.0003,150.001,84.0004,191.002
"BRD2",36872.3,42738.4,18846.2,56993.9,3615.71,NA,117776,93635.1,102513,153693,142185,42164.8,490136,26259.2,51915.1,3430.64,2946.47,175054,174013,79275.9,38683.6,18671.8,22358,7368.93,NA,5983.93,NA
"DLX1",5933.9,5987.94,7085.71,9177.55,NA,NA,5301.52,4260.98,6062.98,6549.31,3444.64,15785.4,121551,31899.9,3614.71,2223.27,1678.15,63790,57684.1,49836.8,28430.6,7704.21,10222.6,1202.08,912.045,1697.16,921.046
"PABC1",488.013,583.018,785.033,1598.14,NA,NA,2141.25,2042.23,31454.3,31787.5,42920.3,2829.43,17566.6,2970.48,483.013,25510.1,32536.1,27411.5,18737.9,10214.6,6237.1,9150.52,11681.4,128.001,151.001,146.001,162.001
"VMN1R71",NA,NA,2571.36,3442.64,NA,NA,NA,NA,NA,NA,NA,2358.3,39140.6,335.006,215.003,1467.12,NA,NA,NA,NA,NA,184.002,NA,NA,NA,NA,NA
"IGF1",189.002,318.005,3889.82,5330.53,NA,NA,NA,121.001,192.002,111.001,164.001,768.032,4159.93,NA,275.004,790.034,412.009,5174.45,8027.48,1704.16,1579.13,1820.18,1853.19,74.0003,62.0002,41.0001,66.0002
"SREK1",NA,NA,NA,NA,NA,NA,93881.5,120035,NA,NA,NA,120851,337223,231079,125006,NA,NA,91163.6,108525,57206.2,NA,NA,NA,NA,NA,NA,NA
"DDX6",842.038,993.053,91.0005,231.003,NA,NA,128.001,130.001,344.006,608.02,563.017,2378.31,4665.18,3184.55,1072.06,12700.7,494.013,8687.07,8045.49,6511.29,2581.36,1696.16,1904.2,227.003,206.002,308.005,368.007
"AMD1",436.01,637.022,8012.47,14407.2,114.001,127.001,228.003,209.002,221.003,231.003,247.003,4144.93,7370.93,10266.7,2097.24,NA,979.052,11642.3,10196.6,5889.87,4247.97,1727.16,3444.64,92.0005,153.001,97.0005,139.001
"ELK3",564.017,802.035,445.011,929.047,346.006,500.013,320.006,377.008,465.012,1455.11,387.008,2627.37,10100.5,5727.77,1702.16,4296,3702.74,7454,2987.48,10232.7,10117.5,2989.48,5256.49,129.001,120.001,96.0005,107.001
"BCL2",919.046,849.039,725.028,1143.07,NA,NA,363.007,294.005,698.026,1377.1,459.011,1264.09,3616.71,10629.1,2822.43,1784.17,3984.86,15023.2,9481.85,14598.5,6055.98,3620.71,6176.06,97.0005,95.0005,75.0003,213.002
"ELK3",28390.5,35601.3,951.049,2239.27,15750.4,17864.2,104591,95689.9,1157.07,1046.06,1520.12,38705.7,213657,38238.8,15503,3767.77,2949.47,25658.5,30038.7,21111,13900.4,4341.02,10152.6,6102.01,9028.4,7404.96,6967.62
"PDGFB",4638.16,5352.55,2734.4,2201.26,NA,NA,660.023,672.024,1275.09,2460.33,620.021,4556.12,41130.2,8904.28,3630.71,15566.1,2833.43,14034.6,13895.4,10979.5,6339.17,5223.47,14821.9,426.01,405.009,436.01,414.009
"KDM2A",6096.01,7145.76,3791.78,8159.59,NA,2170.25,8757.14,7687.19,8783.16,8091.54,17254.1,39650.7,62939.2,41367.2,19255,32981.6,76114.6,33208.4,53945.7,44686.6,16270.3,14014.6,20058.7,854.039,1592.14,1157.07,1603.14
"HOXC9",387.008,411.009,219.003,204.002,NA,NA,302.005,311.005,396.008,442.011,518.015,3789.78,51956.4,6672.4,516.014,1511.12,7260.85,4428.06,5625.71,3191.55,1624.14,1842.18,2425.32,104.001,103.001,146.001,94.0005
"ANKS1B",433.01,504.014,230.003,405.009,NA,NA,311.005,207.002,110.001,120.001,166.001,3316.59,17574.7,8782.16,3134.53,3009.49,2240.27,5493.63,3968.85,3338.6,1514.12,1087.06,1708.16,103.001,151.001,83.0004,85.0004
"EBF3",12068.9,11782.5,6675.41,17487.5,NA,NA,6610.36,7726.22,9487.86,8035.49,16097,32725.7,148980,48629.4,22166.5,12572.5,64102.1,77861,44370.1,16678,5516.64,8869.25,20175,570.018,1683.15,1607.14,1716.16
"MLLT3",650.023,1062.06,753.031,930.047,324.006,NA,617.021,937.047,856.04,1221.08,605.02,1739.16,10089.5,3849.8,1778.17,2287.28,1836.18,9707.09,18931.3,9046.42,11249.8,2948.47,3537.68,118.001,93.0005,96.0005,150.001
"NFATC2",NA,NA,NA,NA,NA,NA,NA,NA,NA,NA,NA,953.049,3048.5,896.043,NA,497.013,NA,NA,NA,NA,NA,NA,NA,NA,NA,NA,NA
"ZFX",13247.5,12682.7,12773.8,32063.4,1593.14,2470.33,24640.7,11580.2,11887.6,11390,14476.3,26247.2,80642.7,37505.8,31046,76876.8,70845,108036,199620,103105,37604.2,54707.1,88095.1,3858.8,1743.16,1442.11,1903.2
"SMAD6",1187.08,1650.15,1321.09,2641.38,NA,NA,286.004,288.004,537.016,1084.06,521.015,7779.27,33414.2,4962.33,7098.72,558.017,2852.44,11477.1,12379.3,8803.18,6246.11,2961.47,7453,257.004,397.009,211.002,511.014
"BCL11A",479.012,453.011,268.004,564.017,NA,NA,NA,NA,278.004,277.004,430.01,4259.98,36029,2728.4,1295.09,1845.18,3733.75,4904.3,7110.73,3974.85,2742.41,1790.17,3015.49,91.0005,160.001,100.001,171.002
"AMD1",441.011,451.011,360.007,395.008,236.003,128.001,209.002,200.002,331.006,265.004,273.004,2116.24,5493.63,3293.59,824.037,4039.88,1233.08,6463.26,7864.34,6249.11,2113.24,1484.12,1697.16,106.001,90.0004,116.001,195.002
"AHDC1",853.039,1068.06,907.044,1770.17,141.001,NA,229.003,202.002,552.017,294.005,402.009,2545.35,8237.66,5861.86,1934.2,4456.07,1448.11,8034.48,7304.88,7454,3522.67,3412.63,3625.71,155.001,186.002,106.001,129.001
"TMTC2",2423.32,2754.41,3685.73,3265.58,NA,NA,1611.14,2125.24,2744.41,3512.67,2176.26,24706.9,17052.7,15970.8,14545.4,2707.4,5368.56,37372.3,21916.9,9250.62,5558.67,7234.83,11560.2,181.002,347.007,279.004,371.007
"RFX4",552.017,653.023,332.006,344.006,208.002,NA,444.011,295.005,310.005,690.026,426.01,643.022,905.044,7372.94,3786.77,1080.06,1013.06,3883.81,7219.81,4405.05,4734.21,1023.06,1476.12,114.001,78.0003,87.0004,161.001
"GPR22",227.003,265.004,116.001,347.007,143.001,NA,105.001,99.0005,91.0005,130.001,106.001,3985.86,1000.05,881.042,434.01,588.019,243.003,502.014,1641.15,744.03,389.008,327.006,470.012,94.0005,92.0005,67.0002,74.0003
"PTP4A1",3126.53,NA,NA,NA,NA,NA,116706,127602,NA,NA,NA,188886,890266,359066,42127.6,NA,NA,80232.1,126303,38747.9,15169.4,NA,NA,NA,NA,NA,NA
"EPHB1",605.02,545.016,955.049,1316.09,NA,NA,329.006,594.019,1121.07,794.034,767.032,2751.41,11855.6,6014.95,1286.09,4780.23,13471.8,9594.97,13962.5,5506.64,3190.55,4495.09,15259.6,118.001,209.002,107.001,134.001
"PTEN",11354,9624,2702.39,6247.11,6190.07,10489.9,36247.8,37403.4,20064.7,24211.6,31772.4,16738.1,122151,33008.7,19257,13730.2,14013.6,34434.9,24088.3,21599.2,9729.11,5300.52,9498.87,630.021,1017.06,982.052,1028.06
"JPH4",NA,NA,NA,NA,NA,41893.6,76458.4,83556.3,NA,NA,NA,169344,940211,338912,NA,NA,NA,21613.2,81343.7,19934.4,NA,NA,NA,NA,NA,NA,NA
"HOXA7 LONG",3005.49,3289.58,NA,NA,NA,NA,13375.7,11243.8,NA,NA,NA,22919.3,100279,16785.2,4784.24,NA,NA,21553.1,23557.9,17565.6,8044.49,NA,NA,519.015,943.048,784.033,1065.06
"ZFX",1353.1,1903.2,2823.43,2934.46,NA,NA,NA,515.014,583.018,1719.16,642.022,3985.86,10803.3,5250.49,5944.91,4006.87,7534.07,17003.6,40922.2,6628.37,4182.95,3469.65,5257.49,151.001,157.001,154.001,161.001
"JARID2",1351.1,2072.23,713.027,622.021,438.01,235.003,843.038,877.042,893.043,870.041,857.04,4069.89,10812.3,36715.7,5611.7,3518.67,936.047,27124.7,21099,16133,22136.4,2289.28,3881.81,123.001,101.001,143.001,262.004
"CHTOP",216.003,270.004,185.002,305.005,506.014,437.01,709.027,797.034,359.007,436.01,448.011,1273.09,8818.2,2550.35,663.024,3520.67,3653.72,1729.16,1690.15,1483.12,894.043,734.029,976.052,82.0004,76.0003,69.0003,71.0003
"SLITRK1",1032.06,1605.14,345.006,795.034,NA,15185.4,1042.06,652.023,837.038,842.038,825.037,4538.11,28729.5,16697,4162.94,NA,333.006,6364.19,11838.6,3049.5,3127.53,2334.29,7186.79,361.007,134.001,79.0003,144.001
"ELAVL2",379.008,443.011,144.001,256.004,NA,NA,547.016,491.013,324.006,600.019,326.006,7951.41,31401.2,11849.6,3805.78,756.031,4245.97,8321.74,8664.05,4206.96,3250.57,4918.31,10183.6,108.001,134.001,107.001,145.001
"NR2F2",590.019,475.012,222.003,333.006,204.002,NA,120.001,135.001,313.005,608.02,271.004,3532.67,7274.86,10897.4,4036.88,4362.03,5746.78,9848.24,15522,9752.13,3053.5,4279.99,6346.17,84.0004,73.0003,69.0003,71.0003
"MEIS1",750.03,848.039,298.005,906.044,NA,432.01,703.027,1023.06,735.029,907.044,1668.15,5337.54,14429.2,9979.38,8192.62,21836.7,14311.1,20158.9,13959.5,13749.2,15007.2,2920.46,3059.51,84.0004,80.0004,78.0003,151.001
"RBM6",2038.22,2063.23,571.018,386.008,1029.06,1094.06,1866.19,1641.15,2353.3,3770.77,2924.46,1602.14,33192.4,NA,NA,508.014,573.018,6145.04,7550.08,5984.93,3466.65,1281.09,2082.23,109.001,162.001,143.001,141.001
"GPBP1",1800.17,2636.37,616.021,415.009,2153.25,4813.25,49065.7,50341.5,22852.2,21998.1,33587.8,33285.7,150321,11256.8,6972.62,15932.7,19238,12977.1,20171,4089.9,2939.47,1378.1,2034.22,474.012,831.037,714.028,664.024
"PCDH17",NA,NA,311.005,505.014,198.002,NA,316.005,266.004,253.003,405.009,366.007,1183.08,1796.17,52526.6,35337.3,2146.25,13632,3094.52,13539.9,11635.3,7781.27,823.037,1438.11,137.001,90.0004,65.0002,181.002
"MAML3",573.018,650.023,356.007,333.006,NA,NA,290.005,342.006,379.008,522.015,1108.07,5211.47,17710.9,73944.1,8780.16,571.018,8828.21,8790.17,11023.6,8147.58,6147.04,748.03,1234.08,91.0005,99.0005,80.0004,149.001
"PRF",462.012,585.018,683.025,1043.06,121.001,NA,237.003,192.002,107.001,154.001,147.001,11141.7,49562.3,6797.5,1582.14,NA,NA,4950.32,6335.17,1286.09,1942.2,284.004,449.011,165.001,102.001,93.0005,80.0004
"EMCV",9605.98,7892.36,941.048,1074.06,NA,NA,313.005,230.003,565.017,466.012,208.002,10601.1,69505.9,26491.8,7900.37,5518.65,5169.44,39778.3,26493.8,18599.7,9730.11,29593.2,27877.9,586.019,1737.16,730.029,607.02
"CRPV",246.003,287.004,63.0002,152.001,NA,NA,86.0004,74.0003,134.001,84.0004,89.0004,550.016,1150.07,4194.95,1441.11,2881.45,6956.61,3455.65,4349.02,2983.48,767.032,233.003,449.011,52.0002,100.001,63.0002,100.001
"CHTOP",427.01,508.014,313.005,175.002,NA,NA,2068.23,1802.18,1329.1,1698.16,1654.15,6132.03,31859.7,4451.07,2262.28,720.028,1346.1,9050.42,6847.53,3748.76,2247.27,1354.1,3085.51,120.001,104.001,78.0003,126.001
"BMP5",396.008,442.011,123.001,203.002,NA,NA,106.001,NA,77.0003,92.0005,136.001,4292.99,7370.93,1490.12,344.006,1042.06,3757.76,2790.42,1860.19,1675.15,956.049,383.008,649.023,57.0002,67.0002,59.0002,62.0002
"PRRX1",224.003,298.005,NA,NA,NA,NA,NA,NA,199.002,185.002,219.003,4303,4343.02,14010.6,6178.06,3820.79,519.015,4260.98,3315.59,2090.24,996.054,473.012,656.023,NA,36.0001,47.0001,43.0001
"TCF4",441.011,595.019,629.021,334.006,168.002,NA,421.01,231.003,188.002,199.002,154.001,5582.68,49685,5152.43,1306.09,383.008,5036.37,4741.21,3670.73,3808.78,6332.16,925.046,1099.07,79.0003,74.0003,79.0003,95.0005
"HOXA9",NA,NA,3391.62,3487.66,NA,NA,3878.81,5389.57,4259.98,2892.45,6258.11,3103.52,54881.2,5745.78,NA,674.025,1432.11,16347.4,22403.1,2720.4,NA,2240.27,5212.47,227.003,NA,239.003,243.003
"MAPK6",288.004,414.009,241.003,181.002,NA,NA,314.005,141.001,87.0004,119.001,125.001,2713.4,20414.5,6681.41,955.049,NA,2492.34,4020.87,3683.73,1813.18,1012.06,1585.14,5456.61,55.0002,77.0003,58.0002,89.0004
"HOXD3",3925.83,2483.33,NA,NA,NA,620.021,408.009,664.024,NA,NA,NA,4207.96,19234,27652.2,4664.18,NA,NA,9484.86,21941,9402.77,5148.43,NA,NA,206.002,264.004,200.002,639.022
"HOXA10",279.004,271.004,NA,NA,NA,NA,353.007,192.002,NA,NA,NA,7532.06,66144.4,3164.54,539.016,NA,NA,926.046,2469.33,601.02,287.004,NA,NA,71.0003,97.0005,56.0002,76.0003
"HOXA7_SHORT",210.002,262.004,NA,NA,NA,NA,358.007,227.003,NA,NA,NA,6588.34,38366.3,2684.39,1219.08,NA,NA,1834.18,1898.19,848.039,563.017,NA,NA,69.0003,53.0002,59.0002,59.0002
"HOXB3",2025.22,1997.22,NA,NA,NA,NA,3035.5,1603.14,NA,NA,NA,7557.08,27850.8,14946.1,4637.16,NA,NA,11836.6,13254.5,4484.09,3030.5,NA,NA,200.002,377.008,223.003,307.005
"HOXB8 ",5246.49,5063.38,NA,NA,NA,NA,1138.07,654.023,NA,NA,NA,27163.8,91988.7,21877.8,4088.9,NA,NA,45320.6,21908.9,20064.7,8651.04,NA,NA,537.016,424.01,481.012,609.02
"ESCO1",NA,NA,NA,NA,18587.6,NA,99336,NA,NA,NA,NA,29825,77372.9,179531,100905,NA,NA,71870.9,85684.6,63958.1,58946,NA,NA,NA,NA,NA,NA
"TTBK2",NA,NA,NA,NA,15810.5,25584.3,114649,NA,NA,NA,NA,63903.8,640396,290696,NA,NA,NA,87962.9,106904,57171,42682.2,NA,NA,NA,NA,NA,NA
"CTCF",NA,NA,NA,NA,NA,NA,28548.9,20583.9,NA,NA,NA,74574.1,349530,325965,NA,NA,NA,48753,75610.5,32228,NA,NA,NA,NA,NA,NA,NA
"FXR2",NA,NA,NA,NA,NA,NA,124354,117511,NA,NA,NA,142244,1883310,285684,168444,NA,NA,59944.4,44034.5,28675.3,12773.8,NA,NA,NA,NA,NA,NA
"GDF5",NA,NA,NA,NA,NA,NA,104678,55269.5,NA,NA,NA,75303,471333,189154,NA,NA,NA,82946.9,66695.4,41268.8,NA,NA,NA,NA,NA,NA,NA
"NCDN",NA,NA,NA,NA,NA,NA,88113.3,46544.7,NA,NA,NA,115474,458618,282554,NA,NA,NA,50006.7,38757.9,29245.1,NA,NA,NA,NA,NA,NA,NA
"PTP4A2",NA,NA,NA,NA,NA,NA,32728.7,NA,NA,NA,NA,73802,434370,353867,NA,NA,NA,65753.6,119087,NA,NA,NA,NA,NA,NA,NA,NA
"EXT1",NA,NA,NA,NA,NA,NA,NA,NA,NA,NA,NA,2444.32,389.008,240.003,NA,NA,NA,1370.1,2514.34,NA,NA,NA,NA,NA,NA,NA,NA
"SPEN",NA,NA,NA,NA,2879.45,NA,NA,NA,NA,NA,NA,11420,64867.4,280547,NA,NA,NA,14510.4,18825.1,10882.4,15529,NA,NA,NA,NA,NA,NA
"MLL5",NA,NA,NA,NA,NA,NA,18853.2,NA,NA,NA,NA,NA,7941.4,654.023,403.009,NA,NA,NA,NA,NA,NA,NA,NA,NA,NA,NA,NA
"C3HC4",NA,NA,NA,NA,NA,NA,NA,NA,NA,NA,NA,105027,186592,347233,NA,NA,NA,NA,62315,47858.4,NA,NA,NA,NA,NA,NA,NA
"DCN",NA,NA,NA,NA,NA,20210,55070.3,NA,NA,NA,NA,729121,620795,249931,NA,NA,NA,40705.3,43947,48690.7,27239,NA,NA,NA,NA,NA,NA
"HAS2",NA,NA,NA,NA,NA,NA,42101.5,NA,NA,NA,NA,211887,265438,288950,NA,NA,NA,NA,29377.5,26008.5,NA,NA,NA,NA,NA,NA,NA
"BARHL1",NA,NA,NA,NA,44431.4,42807.7,64652.9,NA,NA,NA,NA,245661,273941,372327,171920,NA,NA,43630.6,44113.8,73939,40815.8,NA,NA,NA,NA,NA,NA
"TRPS1",NA,NA,NA,NA,NA,NA,102736,NA,NA,NA,NA,152989,446321,NA,NA,NA,NA,69394.1,120373,81117.8,46380.9,NA,NA,NA,NA,NA,NA
"PAFAH1B1",NA,NA,NA,NA,NA,54745.4,NA,NA,NA,NA,NA,207613,381297,445336,NA,NA,NA,134336,153103,97473.4,NA,NA,NA,NA,NA,NA,NA
