7	9	2.28482298052498	7.41755876396048e-12	<0.0001	GO:0010650	positive regulation of cell communication by electrical coupling
7	9	2.28482298052498	7.41755876396048e-12	<0.0001	GO:0072658	maintenance of protein location in membrane
7	9	2.28482298052498	7.41755876396048e-12	<0.0001	GO:0072660	maintenance of protein location in plasma membrane
4	5	2.28150814212075	2.86837813205183e-07	0.0009	GO:0000415	negative regulation of histone H3-K36 methylation
8	11	2.19415168467853	5.132866887259e-13	<0.0001	GO:0030538	embryonic genitalia morphogenesis
7	10	2.13867758348428	2.43937363249893e-11	<0.0001	GO:0010908	regulation of heparan sulfate proteoglycan biosynthetic process
7	10	2.13867758348428	2.43937363249893e-11	<0.0001	GO:0010909	positive regulation of heparan sulfate proteoglycan biosynthetic process
7	10	2.13867758348428	2.43937363249893e-11	<0.0001	GO:0044334	canonical Wnt receptor signaling pathway involved in positive regulation of epithelial to mesenchymal transition
7	10	2.13867758348428	2.43937363249893e-11	<0.0001	GO:0070369	beta-catenin-TCF7L2 complex
6	9	2.0754161005307	1.11321950065589e-09	<0.0001	GO:2000794	regulation of epithelial cell proliferation involved in lung morphogenesis
7	11	2.02951575200269	6.61832031066049e-11	<0.0001	GO:0048625	myoblast fate commitment
7	11	2.02951575200269	6.61832031066049e-11	<0.0001	GO:0071664	catenin-TCF7L2 complex
6	10	1.96625426904911	2.74638743333409e-09	<0.0001	GO:0060502	epithelial cell proliferation involved in lung morphogenesis
7	12	1.94234821353314	1.5670901171394e-10	<0.0001	GO:0043570	maintenance of DNA repeat elements
4	7	1.91349663479524	1.95854868394583e-06	0.0052	GO:0000414	regulation of histone H3-K36 methylation
4	7	1.91349663479524	1.95854868394583e-06	0.0052	GO:0070171	negative regulation of tooth mineralization
7	13	1.8697801829397	3.34980257474165e-10	<0.0001	GO:0010649	regulation of cell communication by electrical coupling
7	13	1.8697801829397	3.34980257474165e-10	<0.0001	GO:0042762	regulation of sulfur metabolic process
7	13	1.8697801829397	3.34980257474165e-10	<0.0001	GO:0048619	embryonic hindgut morphogenesis
7	13	1.8697801829397	3.34980257474165e-10	<0.0001	GO:0051176	positive regulation of sulfur metabolic process
7	13	1.8697801829397	3.34980257474165e-10	<0.0001	GO:2000675	negative regulation of type B pancreatic cell apoptotic process
7	14	1.8076149120518	6.60968164758939e-10	<0.0001	GO:0032252	secretory granule localization
7	14	1.8076149120518	6.60968164758939e-10	<0.0001	GO:0060510	Type II pneumocyte differentiation
7	15	1.75323988489586	1.22267589798083e-09	<0.0001	GO:2000674	regulation of type B pancreatic cell apoptotic process
5	11	1.73285730465687	3.83108145524981e-07	0.0012	GO:0070170	regulation of tooth mineralization
9	21	1.69057742838813	1.23293269745318e-11	<0.0001	GO:0071709	membrane assembly
8	19	1.67738297278447	2.10791445995467e-10	<0.0001	GO:0046827	positive regulation of protein export from nucleus
13	31	1.67732799450253	4.20136183384167e-16	<0.0001	GO:0035112	genitalia morphogenesis
5	12	1.67069203376897	6.48307017495173e-07	0.0018	GO:0048703	embryonic viscerocranium morphogenesis
7	17	1.66143477979044	3.59765852478312e-09	<0.0001	GO:0007442	hindgut morphogenesis
7	17	1.66143477979044	3.59765852478312e-09	<0.0001	GO:0061525	hindgut development
7	17	1.66143477979044	3.59765852478312e-09	<0.0001	GO:0097050	type B pancreatic cell apoptotic process
8	20	1.64115343251897	3.465565523562e-10	<0.0001	GO:0034112	positive regulation of homotypic cell-cell adhesion
7	18	1.62190887159023	5.80834224733375e-09	<0.0001	GO:0045760	positive regulation of action potential
7	20	1.55223820753216	1.37726958740181e-08	<0.0001	GO:0010644	cell communication by electrical coupling
8	23	1.54767964035597	1.29480039791706e-09	<0.0001	GO:0046621	negative regulation of organ growth
7	21	1.52118660479196	2.03828786312432e-08	<0.0001	GO:0070016	armadillo repeat domain binding
7	22	1.49220553916173	2.94953243695338e-08	<0.0001	GO:0040037	negative regulation of fibroblast growth factor receptor signaling pathway
7	22	1.49220553916173	2.94953243695338e-08	<0.0001	GO:0045295	gamma-catenin binding
5	16	1.48498599330739	3.39689507348084e-06	0.0071	GO:0060509	Type I pneumocyte differentiation
9	29	1.47559461444299	3.76231919772655e-10	<0.0001	GO:0044091	membrane biogenesis
8	26	1.47078749686989	3.96017165347027e-09	<0.0001	GO:0015012	heparan sulfate proteoglycan biosynthetic process
7	23	1.46503592272846	4.18329210530108e-08	<0.0001	GO:0010560	positive regulation of glycoprotein biosynthetic process
10	33	1.46081639191841	5.07005003267739e-11	<0.0001	GO:0048557	embryonic digestive tract morphogenesis
7	24	1.43946444717164	5.82691371591923e-08	0.0001	GO:0000281	mitotic cytokinesis
7	26	1.39243314024196	1.07806437534558e-07	0.0001	GO:0048857	neural nucleus development
7	26	1.39243314024196	1.07806437534558e-07	0.0001	GO:0090314	positive regulation of protein targeting to membrane
7	28	1.3499945446556	1.88903324081536e-07	0.0002	GO:0060045	positive regulation of cardiac muscle cell proliferation
10	40	1.34746276859498	4.21307397343915e-10	<0.0001	GO:0009954	proximal/distal pattern formation
10	41	1.33343467333486	5.4953231126302e-10	<0.0001	GO:0010559	regulation of glycoprotein biosynthetic process
9	37	1.33236460511214	4.18582061068814e-09	<0.0001	GO:0040036	regulation of fibroblast growth factor receptor signaling pathway
8	33	1.33129742292371	3.19913114910161e-08	<0.0001	GO:0030201	heparan sulfate proteoglycan metabolic process
11	46	1.32208100099442	9.37212754453139e-11	<0.0001	GO:0031641	regulation of myelination
8	34	1.31457435208083	4.1268595906056e-08	<0.0001	GO:0046825	regulation of protein export from nucleus
7	30	1.31133039248593	3.16179859051418e-07	0.0009	GO:0090313	regulation of protein targeting to membrane
12	52	1.30210761329939	2.04386922976896e-11	<0.0001	GO:0030514	negative regulation of BMP signaling pathway
11	48	1.29824331703395	1.54363365624054e-10	<0.0001	GO:0032350	regulation of hormone metabolic process
10	44	1.29387398542532	1.16664576010553e-09	<0.0001	GO:0031069	hair follicle morphogenesis
7	32	1.27582332172947	5.08889954354914e-07	0.0015	GO:0033270	paranode region of axon
9	41	1.27525658226359	1.11564310636703e-08	<0.0001	GO:0048713	regulation of oligodendrocyte differentiation
11	51	1.26476740239542	3.12019052208791e-10	<0.0001	GO:0048566	embryonic digestive tract development
16	75	1.25983079817688	3.30855347335165e-14	<0.0001	GO:0048806	genitalia development
7	33	1.25910025088659	6.37280080789181e-07	0.0018	GO:0072661	protein targeting to plasma membrane
8	38	1.25345087035675	1.05261407404064e-07	0.0001	GO:0034110	regulation of homotypic cell-cell adhesion
8	40	1.22583258639443	1.61084273117471e-07	0.0002	GO:0010718	positive regulation of epithelial to mesenchymal transition
10	51	1.21352328397092	5.45182641621404e-09	<0.0001	GO:0030166	proteoglycan biosynthetic process
9	46	1.21302175751383	3.27503513819053e-08	<0.0001	GO:0001662	behavioral fear response
10	52	1.20316506216049	6.6578203942715e-09	<0.0001	GO:0048730	epidermis morphogenesis
9	47	1.20157491004522	3.99534785316459e-08	<0.0001	GO:0002209	behavioral defense response
8	42	1.19986208718709	2.40584076005525e-07	0.0007	GO:0021952	central nervous system projection neuron axonogenesis
9	48	1.19042115754342	4.85015974144435e-08	<0.0001	GO:0022409	positive regulation of cell-cell adhesion
8	43	1.18743544560514	2.91578097372987e-07	0.0009	GO:0014003	oligodendrocyte development
8	43	1.18743544560514	2.91578097372987e-07	0.0009	GO:2001014	regulation of skeletal muscle cell differentiation
7	38	1.18394867390239	1.76036955970734e-06	0.0043	GO:0035411	catenin import into nucleus
14	76	1.18002282106867	1.13332918819358e-11	<0.0001	GO:0045445	myoblast differentiation
9	50	1.16893538160185	7.05020901032224e-08	0.0001	GO:0042596	fear response
12	67	1.16500876362669	4.81309245965094e-10	<0.0001	GO:0010464	regulation of mesenchymal cell proliferation
9	51	1.15857715979142	8.4441215151495e-08	0.0001	GO:0021955	central nervous system neuron axonogenesis
13	75	1.14785465853333	1.38800569046895e-10	<0.0001	GO:0010463	mesenchymal cell proliferation
10	58	1.14570790815238	2.02076898210059e-08	<0.0001	GO:0021983	pituitary gland development
7	41	1.14438798599285	3.01219919166732e-06	0.0066	GO:0043194	axon initial segment
8	47	1.14099716167426	5.98911995049271e-07	0.0016	GO:0030279	negative regulation of ossification
17	100	1.13894045690644	2.73692733129545e-13	<0.0001	GO:0033555	multicellular organismal response to stress
15	89	1.1336382754989	7.97273764673814e-12	<0.0001	GO:0048546	digestive tract morphogenesis
7	42	1.1319613444109	3.56714353004913e-06	0.0071	GO:0043001	Golgi to plasma membrane protein transport
8	48	1.13012184700615	7.08991977879776e-07	0.0018	GO:0045599	negative regulation of fat cell differentiation
9	54	1.12890252359035	1.41642215905451e-07	0.0002	GO:0021766	hippocampus development
10	61	1.11959023558243	3.35016942601029e-08	<0.0001	GO:0060325	face morphogenesis
11	68	1.11225889400959	7.92451349713143e-09	<0.0001	GO:0060425	lung morphogenesis
10	62	1.1112207657806	3.93949562095542e-08	<0.0001	GO:0043589	skin morphogenesis
14	88	1.10353768236485	8.95476389261343e-11	<0.0001	GO:0021536	diencephalon development
9	57	1.10112000578331	2.29946321026854e-07	0.0007	GO:0048701	embryonic cranial skeleton morphogenesis
11	70	1.0973749730362	1.08776340719537e-08	<0.0001	GO:0060324	face development
18	116	1.09220893819531	2.7884413015328e-13	<0.0001	GO:0048641	regulation of skeletal muscle tissue development
9	59	1.08353557887622	3.12474016656207e-07	0.0009	GO:0002053	positive regulation of mesenchymal cell proliferation
10	66	1.07926203265034	7.31384144821168e-08	0.0001	GO:0000978	RNA polymerase II core promoter proximal region sequence-specific DNA binding
10	66	1.07926203265034	7.31384144821168e-08	0.0001	GO:0060323	head morphogenesis
12	80	1.07338494395415	4.03029271198405e-09	<0.0001	GO:0008543	fibroblast growth factor receptor signaling pathway
10	68	1.06411981584733	9.80400211253053e-08	0.0001	GO:0060428	lung epithelium development
10	69	1.05674131588516	1.13081038192893e-07	0.0001	GO:0032092	positive regulation of protein binding
11	76	1.05554622223538	2.64814934171949e-08	<0.0001	GO:0035019	somatic stem cell maintenance
9	63	1.05036087157625	5.57108054137218e-07	0.0016	GO:0010717	regulation of epithelial to mesenchymal transition
12	84	1.0486678755283	7.14712113509886e-09	<0.0001	GO:0060322	head development
13	92	1.04307159955276	1.92747723139411e-09	<0.0001	GO:0030510	regulation of BMP signaling pathway
11	78	1.04244893830404	3.49792611293028e-08	<0.0001	GO:0006029	proteoglycan metabolic process
11	79	1.03604473305018	4.00756190756367e-08	<0.0001	GO:0034109	homotypic cell-cell adhesion
12	87	1.03100669813178	1.07575328993482e-08	<0.0001	GO:0000987	core promoter proximal region sequence-specific DNA binding
17	125	1.02476154044745	1.15361988579627e-11	<0.0001	GO:0072091	regulation of stem cell proliferation
22	163	1.02376353345573	1.22286073505191e-14	<0.0001	GO:0048706	embryonic skeletal system development
15	112	1.01638929185429	2.3690319782341e-10	<0.0001	GO:0046620	regulation of organ growth
16	120	1.01444773681297	6.35063489700232e-11	<0.0001	GO:0030282	bone mineralization
21	160	1.00907850284627	8.69567616517373e-14	<0.0001	GO:0055123	digestive system development
12	92	1.00307070153356	2.05186658525461e-08	<0.0001	GO:0001159	core promoter proximal region DNA binding
25	197	0.995040003999797	8.07291536812087e-16	<0.0001	GO:0016202	regulation of striated muscle tissue development
18	141	0.993542294970882	8.48992720233616e-12	<0.0001	GO:0042476	odontogenesis
20	158	0.990380755266652	6.83282565205018e-13	<0.0001	GO:0035265	organ growth
25	199	0.9899987110978	1.02714222768526e-15	<0.0001	GO:1901861	regulation of muscle tissue development
25	201	0.985014468838453	1.3031154031539e-15	<0.0001	GO:0048634	regulation of muscle organ development
16	128	0.982272025662735	1.70501650033089e-10	<0.0001	GO:0001077	RNA polymerase II core promoter proximal region sequence-specific DNA binding transcription factor activity involved in positive regulation of transcription
15	120	0.982002007954225	6.37625299448643e-10	<0.0001	GO:0048704	embryonic skeletal system morphogenesis
12	96	0.981940206093991	3.34034281619341e-08	<0.0001	GO:0044344	cellular response to fibroblast growth factor stimulus
12	96	0.981940206093991	3.34034281619341e-08	<0.0001	GO:0071774	response to fibroblast growth factor stimulus
18	145	0.979629280594369	1.37118830274005e-11	<0.0001	GO:0048565	digestive tract development
12	97	0.976813381854758	3.75896110135892e-08	<0.0001	GO:2000648	positive regulation of stem cell proliferation
11	89	0.976691543490704	1.40903271202628e-07	0.0002	GO:0048709	oligodendrocyte differentiation
14	114	0.97307496792181	3.01670173841055e-09	<0.0001	GO:0090101	negative regulation of transmembrane receptor protein serine/threonine kinase signaling pathway
10	82	0.970694007473288	5.94357748978782e-07	0.0016	GO:0030850	prostate gland development
9	75	0.963726912206679	2.50778799176655e-06	0.0062	GO:0021761	limbic system development
21	178	0.95605781947213	7.30038326589107e-13	<0.0001	GO:0072089	stem cell proliferation
13	110	0.954120536184899	1.77745819894896e-08	<0.0001	GO:0042475	odontogenesis of dentin-containing tooth
10	85	0.953032830076764	8.34067071337475e-07	0.0022	GO:0008013	beta-catenin binding
12	102	0.952043814593259	6.64267151676611e-08	0.0001	GO:0070491	repressing transcription factor binding
10	86	0.947300934376809	9.30860201218477e-07	0.0027	GO:0010171	body morphogenesis
10	88	0.936057886339663	1.15425021648187e-06	0.003	GO:0044272	sulfur compound biosynthetic process
14	123	0.935670018502837	8.2022879195475e-09	<0.0001	GO:0051099	positive regulation of binding
11	99	0.924443755406818	4.23175137739021e-07	0.0012	GO:0042826	histone deacetylase binding
11	99	0.924443755406818	4.23175137739021e-07	0.0012	GO:0090288	negative regulation of cellular response to growth factor stimulus
12	108	0.924060534048362	1.26078913526152e-07	0.0002	GO:0060021	palate development
19	172	0.922589006016446	2.95525980494622e-11	<0.0001	GO:0030326	embryonic limb morphogenesis
19	172	0.922589006016446	2.95525980494622e-11	<0.0001	GO:0035113	embryonic appendage morphogenesis
17	154	0.921382674002594	3.31673903069775e-10	<0.0001	GO:0031214	biomineral tissue development
11	101	0.914703603689288	5.1895592393193e-07	0.0015	GO:0051897	positive regulation of protein kinase B signaling cascade
20	185	0.912560964876806	1.32106764319075e-11	<0.0001	GO:0019228	regulation of action potential in neuron
11	102	0.909913666174616	5.73654811431304e-07	0.0016	GO:0045598	regulation of fat cell differentiation
10	93	0.90915398926724	1.92822405411111e-06	0.0044	GO:0051101	regulation of DNA binding
11	104	0.900488301964713	6.9851302032597e-07	0.0018	GO:0014013	regulation of gliogenesis
10	95	0.898839513799745	2.34594242980521e-06	0.0057	GO:0021954	central nervous system neuron development
19	181	0.897686794031258	7.22852408986419e-11	<0.0001	GO:0090316	positive regulation of intracellular protein transport
16	154	0.891521157854932	2.69911588802932e-09	<0.0001	GO:0009791	post-embryonic development
17	164	0.89071876461514	8.88801561879845e-10	<0.0001	GO:0000982	RNA polymerase II core promoter proximal region sequence-specific DNA binding transcription factor activity
12	116	0.889332122576262	2.78102140790311e-07	0.0008	GO:0051153	regulation of striated muscle cell differentiation
11	107	0.886720323144392	9.30833799567037e-07	0.0027	GO:2000736	regulation of stem cell differentiation
24	238	0.881125478821038	5.30705927374034e-13	<0.0001	GO:0007411	axon guidance
24	238	0.881125478821038	5.30705927374034e-13	<0.0001	GO:0097485	neuron projection guidance
12	118	0.881063939660449	3.35461867501979e-07	0.0009	GO:2001237	negative regulation of extrinsic apoptotic signaling pathway
22	218	0.880196164378821	4.94647909430121e-12	<0.0001	GO:0048736	appendage development
22	218	0.880196164378821	4.94647909430121e-12	<0.0001	GO:0060173	limb development
16	159	0.876031741830007	4.30454598334065e-09	<0.0001	GO:0001228	RNA polymerase II transcription regulatory region sequence-specific DNA binding transcription factor activity involved in positive regulation of transcription
15	149	0.876026337743884	1.30807889605204e-08	<0.0001	GO:0021543	pallium development
38	398	0.866015342244885	4.41666093629502e-19	<0.0001	GO:0030900	forebrain development
14	142	0.865849607322534	5.21582667462065e-08	<0.0001	GO:0035270	endocrine system development
29	300	0.864308622178481	5.7358847259064e-15	<0.0001	GO:0007548	sex differentiation
20	205	0.862665410711739	8.62667936935289e-11	<0.0001	GO:0035107	appendage morphogenesis
20	205	0.862665410711739	8.62667936935289e-11	<0.0001	GO:0035108	limb morphogenesis
20	205	0.862665410711739	8.62667936935289e-11	<0.0001	GO:2000027	regulation of organ morphogenesis
32	334	0.862429850094931	2.77921321346916e-16	<0.0001	GO:0048608	reproductive structure development
19	195	0.861550761898403	2.62445592667699e-10	<0.0001	GO:0003714	transcription corepressor activity
12	123	0.86105150383292	5.27405078873514e-07	0.0015	GO:0050768	negative regulation of neurogenesis
32	339	0.855222241355065	4.26527029828533e-16	<0.0001	GO:0061458	reproductive system development
22	232	0.8500615959317	1.70713701160035e-11	<0.0001	GO:0035264	multicellular organism growth
16	170	0.843763062980138	1.13196770611663e-08	<0.0001	GO:0050679	positive regulation of epithelial cell proliferation
17	182	0.840398352812566	4.41559490253426e-09	<0.0001	GO:0045444	fat cell differentiation
23	249	0.838011854151829	1.00857657869444e-11	<0.0001	GO:0001508	regulation of action potential
21	227	0.837561483285305	7.89785560826809e-11	<0.0001	GO:0021537	telencephalon development
25	272	0.836940932106955	1.39266122281919e-12	<0.0001	GO:0051098	regulation of binding
12	131	0.830818947575946	1.04037384238466e-06	0.0029	GO:0042303	molting cycle
12	131	0.830818947575946	1.04037384238466e-06	0.0029	GO:0042633	hair cycle
15	164	0.829845553821849	4.77993869523874e-08	<0.0001	GO:0043393	regulation of protein binding
22	243	0.827747350457643	4.2444943634007e-11	<0.0001	GO:0000976	transcription regulatory region sequence-specific DNA binding
34	385	0.824693285389644	3.73926093518213e-16	<0.0001	GO:0003002	regionalization
15	166	0.824039184963396	5.61942861770879e-08	0.0001	GO:0019827	stem cell maintenance
14	155	0.823769400125192	1.56801369594653e-07	0.0002	GO:0061351	neural precursor cell proliferation
12	133	0.823575688332167	1.22328227341175e-06	0.0032	GO:0035914	skeletal muscle cell differentiation
15	167	0.821164508725126	6.08749129541675e-08	0.0001	GO:0030902	hindbrain development
13	145	0.820298892958932	4.74184122893213e-07	0.0014	GO:0030509	BMP signaling pathway
89	1147	0.818764803565205	2.89881367463997e-37	<0.0001	GO:0003700	sequence-specific DNA binding transcription factor activity
27	306	0.818709801855111	4.60290102451005e-13	<0.0001	GO:0050678	regulation of epithelial cell proliferation
89	1148	0.818336578304184	3.10321778038585e-37	<0.0001	GO:0001071	nucleic acid binding transcription factor activity
12	135	0.816450119274566	1.43410273718342e-06	0.0034	GO:0001085	RNA polymerase II transcription factor binding
28	320	0.815426580072763	2.06490129611332e-13	<0.0001	GO:0007519	skeletal muscle tissue development
18	204	0.81342996325856	3.84401227794956e-09	<0.0001	GO:0033002	muscle cell proliferation
14	159	0.811593008961054	2.15098704884531e-07	0.0006	GO:0046660	female sex differentiation
17	194	0.809788244317642	1.15857718610973e-08	<0.0001	GO:0090287	regulation of cellular response to growth factor stimulus
18	206	0.808762464133548	4.48837565893392e-09	<0.0001	GO:0048592	eye morphogenesis
43	515	0.805669909225496	3.0712796366115e-19	<0.0001	GO:0001501	skeletal system development
18	208	0.804143855118027	5.23107101044192e-09	<0.0001	GO:0010001	glial cell differentiation
13	150	0.804124805757805	7.00122977841032e-07	0.0018	GO:0010721	negative regulation of cell development
21	244	0.802906345943488	3.02676904209973e-10	<0.0001	GO:0009952	anterior/posterior pattern specification
13	151	0.800960274957624	7.55416924029747e-07	0.0019	GO:0046545	development of primary female sexual characteristics
31	368	0.79950334911133	2.8619165567787e-14	<0.0001	GO:0050673	epithelial cell proliferation
44	535	0.799312945078708	2.05445264931019e-19	<0.0001	GO:0007389	pattern specification process
12	140	0.799126713447803	2.10791411792328e-06	0.0055	GO:0051896	regulation of protein kinase B signaling cascade
51	630	0.7983802830489	4.43219685534771e-22	<0.0001	GO:0007420	brain development
13	152	0.797818384480861	8.14573640819138e-07	0.0021	GO:0035257	nuclear hormone receptor binding
28	332	0.797754326689601	5.10946551840228e-13	<0.0001	GO:0060538	skeletal muscle organ development
22	260	0.795334851647306	1.5762303395104e-10	<0.0001	GO:0050890	cognition
42	514	0.794342760935003	1.81219236315614e-18	<0.0001	GO:0007409	axonogenesis
14	165	0.793938591829342	3.39454983515293e-07	0.0009	GO:0000977	RNA polymerase II regulatory region sequence-specific DNA binding
14	165	0.793938591829342	3.39454983515293e-07	0.0009	GO:0030178	negative regulation of Wnt receptor signaling pathway
34	414	0.78975306034717	3.27173542710798e-15	<0.0001	GO:0001503	ossification
12	144	0.785744161619533	2.83435284543556e-06	0.0063	GO:0051147	regulation of muscle cell differentiation
42	524	0.785070285587275	3.6634056478562e-18	<0.0001	GO:0000975	regulatory region DNA binding
42	524	0.785070285587275	3.6634056478562e-18	<0.0001	GO:0001067	regulatory region nucleic acid binding
18	218	0.781749498162274	1.09546460850889e-08	<0.0001	GO:0090092	regulation of transmembrane receptor protein serine/threonine kinase signaling pathway
42	529	0.780504470925963	5.17604110608699e-18	<0.0001	GO:0061564	axon development
20	244	0.779110373903677	1.88947784661098e-09	<0.0001	GO:0007611	learning or memory
21	257	0.778124963758214	7.83743472938338e-10	<0.0001	GO:0030278	regulation of ossification
23	283	0.776676316206787	1.34469671660328e-10	<0.0001	GO:0045211	postsynaptic membrane
20	248	0.77137044332347	2.50419273404916e-09	<0.0001	GO:0042063	gliogenesis
40	512	0.770965559430561	5.86558692364571e-17	<0.0001	GO:0044212	transcription regulatory region DNA binding
30	383	0.763908758084265	5.01792704361255e-13	<0.0001	GO:0048732	gland development
14	176	0.763305701379285	7.44453091838376e-07	0.0019	GO:0001012	RNA polymerase II regulatory region DNA binding
31	401	0.758407835466398	2.87028897817221e-13	<0.0001	GO:0048863	stem cell differentiation
59	810	0.755321345429939	3.8804635122566e-23	<0.0001	GO:0000122	negative regulation of transcription from RNA polymerase II promoter
14	180	0.752674932139853	9.75707697604199e-07	0.0027	GO:0043524	negative regulation of neuron apoptotic process
63	878	0.752114150458718	2.42121669427076e-24	<0.0001	GO:0043565	sequence-specific DNA binding
29	379	0.752001787129627	2.22179274017587e-12	<0.0001	GO:0048562	embryonic organ morphogenesis
19	246	0.750421540552845	1.27509049762248e-08	<0.0001	GO:0032388	positive regulation of intracellular transport
14	181	0.750056882673471	1.0427478348398e-06	0.0029	GO:0022612	gland morphogenesis
58	807	0.747868489940225	1.82912892476452e-22	<0.0001	GO:0007417	central nervous system development
48	656	0.746837257096975	5.24604422580036e-19	<0.0001	GO:0045596	negative regulation of cell differentiation
22	289	0.744990886525493	1.17455977998223e-09	<0.0001	GO:0010720	positive regulation of cell development
17	223	0.743559233164683	9.03637586555619e-08	0.0001	GO:0050808	synapse organization
47	658	0.734355472304519	3.28046179210795e-18	<0.0001	GO:0048812	neuron projection morphogenesis
13	174	0.733835849912145	3.71562167218392e-06	0.0073	GO:0008083	growth factor activity
42	584	0.733104520601174	1.80068592846829e-16	<0.0001	GO:0060537	muscle tissue development
16	215	0.731961912809361	3.00154495312317e-07	0.0009	GO:0021953	central nervous system neuron differentiation
73	1088	0.729989604702753	1.98695566514057e-26	<0.0001	GO:0009887	organ morphogenesis
28	386	0.725902474333633	1.91134446344626e-11	<0.0001	GO:0000981	sequence-specific DNA binding RNA polymerase II transcription factor activity
57	829	0.725560722707504	3.69340585243078e-21	<0.0001	GO:0051093	negative regulation of developmental process
15	205	0.723875166430497	8.72539004830018e-07	0.0027	GO:0048638	regulation of developmental growth
39	554	0.720302777736963	4.62734900176774e-15	<0.0001	GO:0014706	striated muscle tissue development
38	540	0.719276258633616	1.07161104647324e-14	<0.0001	GO:0007517	muscle organ development
15	209	0.714780565233839	1.11354540840539e-06	0.003	GO:0051216	cartilage development
18	255	0.707552295561749	1.21322952611222e-07	0.0002	GO:0061448	connective tissue development
38	554	0.707093916657721	2.41031806300555e-14	<0.0001	GO:0048568	embryonic organ development
109	1849	0.707038577850531	4.41003524209834e-35	<0.0001	GO:0006357	regulation of transcription from RNA polymerase II promoter
39	570	0.706744493916664	1.16750620310522e-14	<0.0001	GO:0003006	developmental process involved in reproduction
14	199	0.705413092938042	3.20338444096328e-06	0.0067	GO:1901215	negative regulation of neuron death
177	3623	0.704265895320497	3.45178766950044e-49	<0.0001	GO:0006355	regulation of transcription, DNA-dependent
18	257	0.703875339048459	1.36406626056186e-07	0.0002	GO:0045137	development of primary sexual characteristics
38	558	0.703672601998038	3.02377871588538e-14	<0.0001	GO:0000989	transcription factor binding transcription factor activity
177	3628	0.703535624807701	4.2165558228383e-49	<0.0001	GO:2001141	regulation of RNA biosynthetic process
19	272	0.702969255646146	6.37831691558105e-08	0.0001	GO:0061138	morphogenesis of a branching epithelium
21	302	0.701688370129127	1.39231931243061e-08	<0.0001	GO:0033157	regulation of intracellular protein transport
94	1557	0.701387592495004	9.88092773391001e-31	<0.0001	GO:0048699	generation of neurons
23	332	0.700962983880698	3.0307884919671e-09	<0.0001	GO:0048864	stem cell development
28	407	0.700809851887947	6.59409481222686e-11	<0.0001	GO:0001654	eye development
38	563	0.699431965861346	4.0028131107535e-14	<0.0001	GO:0044708	single-organism behavior
179	3722	0.69909581528233	6.89582001958676e-49	<0.0001	GO:0051252	regulation of RNA metabolic process
38	567	0.696067789055884	4.99816249295692e-14	<0.0001	GO:0000988	protein binding transcription factor activity
43	648	0.695597947638559	1.37397566108473e-15	<0.0001	GO:0048667	cell morphogenesis involved in neuron differentiation
18	262	0.694814349150796	1.8191480788525e-07	0.0002	GO:0048705	skeletal system morphogenesis
23	337	0.693915094942921	4.0285298822955e-09	<0.0001	GO:0097060	synaptic membrane
97	1655	0.690219733978094	9.52106353027489e-31	<0.0001	GO:0022008	neurogenesis
24	358	0.68605042574484	2.62071691944553e-09	<0.0001	GO:0001655	urogenital system development
175	3687	0.685836601625756	1.05155200338782e-46	<0.0001	GO:0006351	transcription, DNA-dependent
26	390	0.684638712734223	6.32551696003552e-10	<0.0001	GO:0031644	regulation of neurological system process
175	3696	0.684543452573102	1.48592175816957e-46	<0.0001	GO:0032774	RNA biosynthetic process
53	833	0.684541955313985	3.1096532811815e-18	<0.0001	GO:0051960	regulation of nervous system development
106	1871	0.683805402196168	1.5396951337782e-32	<0.0001	GO:0006366	transcription from RNA polymerase II promoter
22	329	0.683767109106061	1.27599034214346e-08	<0.0001	GO:0007178	transmembrane receptor protein serine/threonine kinase signaling pathway
17	254	0.682272719449622	5.76061528132739e-07	0.0016	GO:0000790	nuclear chromatin
121	2223	0.681848007959147	6.57769199113911e-36	<0.0001	GO:0007399	nervous system development
20	300	0.681411822141307	6.19491481800447e-08	0.0001	GO:0051222	positive regulation of protein transport
181	3938	0.678103839570765	1.09524514565016e-46	<0.0001	GO:2000112	regulation of cellular macromolecule biosynthetic process
19	288	0.676107767468815	1.56198026309663e-07	0.0002	GO:0001763	morphogenesis of a branching structure
47	750	0.671847670997033	5.31427132424683e-16	<0.0001	GO:0050767	regulation of neurogenesis
21	323	0.670072540345469	4.44463918324974e-08	<0.0001	GO:0045165	cell fate commitment
86	1494	0.669284441354627	1.50336902717833e-26	<0.0001	GO:0045893	positive regulation of transcription, DNA-dependent
32	501	0.668575192066661	1.91033614235875e-11	<0.0001	GO:0003712	transcription cofactor activity
181	4024	0.666515633464352	2.53406545974386e-45	<0.0001	GO:0010556	regulation of macromolecule biosynthetic process
78	1342	0.665568996930994	2.85082858094129e-24	<0.0001	GO:0010629	negative regulation of gene expression
87	1532	0.66373494806878	1.85448530671252e-26	<0.0001	GO:0051254	positive regulation of RNA metabolic process
30	474	0.662821112448357	1.04079374370277e-10	<0.0001	GO:0042391	regulation of membrane potential
45	730	0.662265340223154	4.25769319286018e-15	<0.0001	GO:0048598	embryonic morphogenesis
70	1193	0.662030801827111	5.52836308537092e-22	<0.0001	GO:0045892	negative regulation of transcription, DNA-dependent
23	361	0.661554939860659	1.46836910045476e-08	<0.0001	GO:0051969	regulation of transmission of nerve impulse
18	282	0.660316782504492	5.37909031489233e-07	0.0016	GO:0045926	negative regulation of growth
99	1820	0.655719762397664	7.87908417450561e-29	<0.0001	GO:2000026	regulation of multicellular organismal development
45	741	0.655155302571014	7.31262290908237e-15	<0.0001	GO:0061061	muscle structure development
32	516	0.654651556916033	4.09194525107281e-11	<0.0001	GO:0042692	muscle cell differentiation
17	274	0.646808445419546	1.64051308165243e-06	0.0042	GO:0043523	regulation of neuron apoptotic process
71	1253	0.646178166090479	1.93526518204385e-21	<0.0001	GO:0051253	negative regulation of RNA metabolic process
181	4187	0.645121265367024	7.6513906874223e-43	<0.0001	GO:0031326	regulation of cellular biosynthetic process
54	926	0.643806693926409	6.41976674325348e-17	<0.0001	GO:0060284	regulation of cell development
183	4277	0.642671647105955	8.2749353658363e-43	<0.0001	GO:0010468	regulation of gene expression
78	1411	0.641231420881733	6.46406533082731e-23	<0.0001	GO:0030182	neuron differentiation
175	4012	0.640791209874487	1.41350846944347e-41	<0.0001	GO:0034654	nucleobase-containing compound biosynthetic process
55	951	0.640756292198562	4.60044584465219e-17	<0.0001	GO:0031175	neuron projection development
179	4152	0.64057058599793	4.52250356461204e-42	<0.0001	GO:0044271	cellular nitrogen compound biosynthetic process
181	4228	0.639851282929725	3.06678217873109e-42	<0.0001	GO:0009889	regulation of biosynthetic process
49	841	0.638923868514342	2.09848689423777e-15	<0.0001	GO:0000904	cell morphogenesis involved in differentiation
176	4087	0.635409003432439	4.15765112843275e-41	<0.0001	GO:0018130	heterocycle biosynthetic process
176	4088	0.635277410634336	4.30026868729611e-41	<0.0001	GO:0019438	aromatic compound biosynthetic process
17	281	0.635037206392365	2.3113149169731e-06	0.0057	GO:0045786	negative regulation of cell cycle
18	298	0.634528786189195	1.19378039574562e-06	0.0031	GO:0072001	renal system development
17	282	0.633380812220967	2.42507819743588e-06	0.006	GO:0043583	ear development
33	558	0.633000788198453	6.98254911312079e-11	<0.0001	GO:0097285	cell-type specific apoptotic process
182	4323	0.632335596400416	1.66562474687174e-41	<0.0001	GO:0019219	regulation of nucleobase-containing compound metabolic process
63	1127	0.631901201213165	9.61097966079887e-19	<0.0001	GO:0045944	positive regulation of transcription from RNA polymerase II promoter
87	1641	0.630149468675648	2.13775754997173e-24	<0.0001	GO:0010628	positive regulation of gene expression
120	2438	0.630101102168365	2.12422955963543e-31	<0.0001	GO:0003677	DNA binding
183	4384	0.629241532186823	2.85868038017676e-41	<0.0001	GO:0051171	regulation of nitrogen compound metabolic process
38	655	0.627733333297614	4.14950606325657e-12	<0.0001	GO:0007423	sensory organ development
62	1117	0.627557783482677	2.66079121627914e-18	<0.0001	GO:0048666	neuron development
32	548	0.62630817547792	1.8912482895045e-10	<0.0001	GO:0030424	axon
47	832	0.622498461576518	2.58901381315028e-14	<0.0001	GO:0048858	cell projection morphogenesis
88	1693	0.621525582809337	4.25393499454328e-24	<0.0001	GO:0010557	positive regulation of macromolecule biosynthetic process
71	1321	0.620654855412349	3.70995780395796e-20	<0.0001	GO:2000113	negative regulation of cellular macromolecule biosynthetic process
30	519	0.620144154685487	9.07594241053565e-10	<0.0001	GO:0003682	chromatin binding
176	4208	0.619681061019268	2.26823223482244e-39	<0.0001	GO:1901362	organic cyclic compound biosynthetic process
88	1701	0.619218500138817	5.87539198007129e-24	<0.0001	GO:0045935	positive regulation of nucleobase-containing compound metabolic process
72	1347	0.618969289164686	2.62239974015477e-20	<0.0001	GO:0045934	negative regulation of nucleobase-containing compound metabolic process
156	3549	0.617697482174984	1.82093787937176e-36	<0.0001	GO:0003676	nucleic acid binding
45	803	0.6170123277825	1.27602186296314e-13	<0.0001	GO:0007610	behavior
19	327	0.616726444512771	1.08034153164878e-06	0.0029	GO:0010769	regulation of cell morphogenesis involved in differentiation
89	1737	0.615538384309063	5.95316612829596e-24	<0.0001	GO:0051173	positive regulation of nitrogen compound metabolic process
130	2809	0.610913544404861	1.19296074216969e-31	<0.0001	GO:0009653	anatomical structure morphogenesis
72	1371	0.610434241605078	7.03400424114214e-20	<0.0001	GO:0010558	negative regulation of macromolecule biosynthetic process
109	2246	0.610335657468655	1.00314286416023e-27	<0.0001	GO:0048468	cell development
72	1374	0.609377858889975	7.94399470083662e-20	<0.0001	GO:0051172	negative regulation of nitrogen compound metabolic process
25	440	0.608989574696178	3.32356424753223e-08	<0.0001	GO:0048589	developmental growth
179	4403	0.60875747390302	1.58809790709972e-38	<0.0001	GO:0016070	RNA metabolic process
47	857	0.608443350883931	7.64776153569675e-14	<0.0001	GO:0032990	cell part morphogenesis
73	1415	0.602797919292295	1.01160803918166e-19	<0.0001	GO:0031327	negative regulation of cellular biosynthetic process
36	653	0.602149359193959	6.57583038327599e-11	<0.0001	GO:0008134	transcription factor binding
180	4497	0.601767794847899	7.15812047733984e-38	<0.0001	GO:0048731	system development
40	734	0.599749306318648	7.64871412862248e-12	<0.0001	GO:0001944	vasculature development
58	1100	0.599288802399808	3.80347722963077e-16	<0.0001	GO:0072358	cardiovascular system development
58	1100	0.599288802399808	3.80347722963077e-16	<0.0001	GO:0072359	circulatory system development
46	855	0.598515958145537	2.84529754346167e-13	<0.0001	GO:0043009	chordate embryonic development
184	4677	0.598325276098371	6.50561325443389e-38	<0.0001	GO:0034645	cellular macromolecule biosynthetic process
73	1435	0.596008675179131	2.21866958297264e-19	<0.0001	GO:0009890	negative regulation of biosynthetic process
46	863	0.594101508169174	3.95182610213097e-13	<0.0001	GO:0009792	embryo development ending in birth or egg hatching
35	645	0.593957681126686	1.88042777383784e-10	<0.0001	GO:0035295	tube development
82	1652	0.592891902565645	3.87657730692857e-21	<0.0001	GO:0045595	regulation of cell differentiation
49	934	0.589064139343487	1.1393275349996e-13	<0.0001	GO:0022603	regulation of anatomical structure morphogenesis
88	1811	0.588530207644374	4.06630454834273e-22	<0.0001	GO:0031328	positive regulation of cellular biosynthetic process
26	480	0.587214022623345	4.58037667559666e-08	<0.0001	GO:0005667	transcription factor complex
89	1843	0.586499597685911	3.38749371754197e-22	<0.0001	GO:0009891	positive regulation of biosynthetic process
184	4785	0.585719302787532	1.56602694841295e-36	<0.0001	GO:0009059	macromolecule biosynthetic process
159	3873	0.585647671266863	1.03863406410225e-33	<0.0001	GO:0030154	cell differentiation
194	5199	0.584348457327921	2.85570445986341e-37	<0.0001	GO:0007275	multicellular organismal development
33	625	0.579695499827567	1.26743721856129e-09	<0.0001	GO:0045664	regulation of neuron differentiation
23	431	0.57868798532824	3.60172669815073e-07	0.0009	GO:0070848	response to growth factor stimulus
26	491	0.576633696018754	7.17239151940277e-08	0.0001	GO:0051241	negative regulation of multicellular organismal process
30	570	0.576197221319826	7.91753694577845e-09	<0.0001	GO:0002009	morphogenesis of an epithelium
201	5593	0.574158865074564	1.20750742339134e-36	<0.0001	GO:0031323	regulation of cellular metabolic process
24	455	0.573755716574738	2.47178044009164e-07	0.0007	GO:0035239	tube morphogenesis
104	2281	0.573737863141204	3.2755703452073e-24	<0.0001	GO:0050793	regulation of developmental process
57	1143	0.571768255981805	7.86198934306503e-15	<0.0001	GO:0040007	growth
30	576	0.571296284676292	1.00369374712644e-08	<0.0001	GO:0044456	synapse part
22	419	0.570690431542048	8.49401615944961e-07	0.0023	GO:0071363	cellular response to growth factor stimulus
193	5294	0.569631685427148	1.48548235584908e-35	<0.0001	GO:0060255	regulation of macromolecule metabolic process
36	701	0.568783087608034	4.59430203508726e-10	<0.0001	GO:0001568	blood vessel development
182	4871	0.566814366161568	2.56251359966094e-34	<0.0001	GO:0044767	single-organism developmental process
24	462	0.566643253732764	3.25883973422426e-07	0.0009	GO:0032386	regulation of intracellular transport
28	544	0.564529714966479	4.05617714905602e-08	<0.0001	GO:0006935	chemotaxis
23	445	0.563806198558327	6.27650796513066e-07	0.0017	GO:0016055	Wnt receptor signaling pathway
28	545	0.56367196111127	4.21551891107375e-08	<0.0001	GO:0042330	taxis
136	3274	0.562640183839931	1.70056210362159e-28	<0.0001	GO:0048513	organ development
161	4122	0.56170813959491	1.25187341805131e-31	<0.0001	GO:0048869	cellular developmental process
204	5864	0.560257051703699	2.87650633705622e-35	<0.0001	GO:0032502	developmental process
44	884	0.56007456383965	1.29868064355079e-11	<0.0001	GO:0008284	positive regulation of cell proliferation
41	822	0.558749412721183	6.4120967671906e-11	<0.0001	GO:0045597	positive regulation of cell differentiation
110	2536	0.555202423644398	5.90239459471725e-24	<0.0001	GO:0010604	positive regulation of macromolecule metabolic process
24	474	0.554705976689201	5.16478224268091e-07	0.0015	GO:0043065	positive regulation of apoptotic process
188	5257	0.551150412916003	3.58597819900928e-33	<0.0001	GO:0048856	anatomical structure development
194	5536	0.548675824874361	2.37450214931892e-33	<0.0001	GO:0080090	regulation of primary metabolic process
181	4992	0.548639959936823	2.45707403816768e-32	<0.0001	GO:0090304	nucleic acid metabolic process
37	754	0.548125677209616	9.08202441895586e-10	<0.0001	GO:0044057	regulation of system process
21	420	0.547573322855857	3.25477842013222e-06	0.0067	GO:0060562	epithelial tube morphogenesis
119	2843	0.546996362103289	9.04774115832302e-25	<0.0001	GO:0051239	regulation of multicellular organismal process
183	5103	0.545370990418493	3.61968216091614e-32	<0.0001	GO:0010467	gene expression
85	1906	0.543501349539239	5.54979548453118e-19	<0.0001	GO:0010605	negative regulation of macromolecule metabolic process
109	2578	0.541284896137836	7.81159133069573e-23	<0.0001	GO:0031325	positive regulation of cellular metabolic process
24	488	0.541167496706674	8.66008396609063e-07	0.0027	GO:0043068	positive regulation of programmed cell death
62	1349	0.537043546395557	1.84957240919106e-14	<0.0001	GO:0009790	embryo development
28	579	0.535433697814285	1.47626060368586e-07	0.0002	GO:0007507	heart development
208	6323	0.533881980994383	1.47570235712657e-32	<0.0001	GO:0019222	regulation of metabolic process
40	845	0.533369577998715	5.18049130876199e-10	<0.0001	GO:0019226	transmission of nerve impulse
25	521	0.530209142309836	8.01294618578057e-07	0.0021	GO:0010942	positive regulation of cell death
52	1131	0.528844364276227	3.03735483502629e-12	<0.0001	GO:0051094	positive regulation of developmental process
35	741	0.528819640530268	7.03279258213503e-09	<0.0001	GO:0000165	MAPK cascade
34	721	0.527389415584904	1.21400293234663e-08	<0.0001	GO:0048729	tissue morphogenesis
36	768	0.525927015711856	5.16522887017262e-09	<0.0001	GO:0040008	regulation of growth
41	883	0.525014047070811	5.49300605026455e-10	<0.0001	GO:0035637	multicellular organismal signaling
67	1513	0.523517136158535	8.24757425386799e-15	<0.0001	GO:0042127	regulation of cell proliferation
80	1856	0.522121108058064	5.43295191631033e-17	<0.0001	GO:0031324	negative regulation of cellular metabolic process
158	4337	0.520283007913269	1.89830041832479e-27	<0.0001	GO:0048522	positive regulation of cellular process
86	2028	0.519744595573242	7.42617383839972e-18	<0.0001	GO:0009892	negative regulation of metabolic process
189	5610	0.518650162991757	7.02666778427304e-30	<0.0001	GO:0044249	cellular biosynthetic process
110	2737	0.516758718891084	2.53981788759699e-21	<0.0001	GO:0009893	positive regulation of metabolic process
84	1996	0.514120614476179	3.1131923159058e-17	<0.0001	GO:0009888	tissue development
39	859	0.513012962630679	2.78849581691849e-09	<0.0001	GO:0060548	negative regulation of cell death
36	795	0.509723760399591	1.25848318959206e-08	<0.0001	GO:0043069	negative regulation of programmed cell death
28	612	0.509608534672249	4.52091107541641e-07	0.0013	GO:0030425	dendrite
189	5707	0.508793541832975	6.89085635106651e-29	<0.0001	GO:1901576	organic substance biosynthetic process
58	1336	0.506368028327863	1.54322491416638e-12	<0.0001	GO:0030030	cell projection organization
35	779	0.505387751176923	2.46092752616391e-08	<0.0001	GO:0043066	negative regulation of apoptotic process
57	1314	0.505175647751783	2.54776910124908e-12	<0.0001	GO:0010647	positive regulation of cell communication
54	1244	0.503085004926147	1.00722986353832e-11	<0.0001	GO:0000902	cell morphogenesis
30	670	0.500695891399192	2.74681750772644e-07	0.0008	GO:0008285	negative regulation of cell proliferation
189	5789	0.500557625514306	4.5253689858826e-28	<0.0001	GO:0009058	biosynthetic process
26	583	0.496678120157603	1.87814496392704e-06	0.0044	GO:0046982	protein heterodimerization activity
166	4865	0.494583297467919	7.32568726403069e-26	<0.0001	GO:0048518	positive regulation of biological process
27	611	0.492919417958227	1.41273308974549e-06	0.0034	GO:0048514	blood vessel morphogenesis
76	1872	0.489296449453621	9.44111832856694e-15	<0.0001	GO:0008283	cell proliferation
29	666	0.487127091420714	7.69304775175301e-07	0.0019	GO:0043408	regulation of MAPK cascade
45	1057	0.487001791542681	1.16449039111457e-09	<0.0001	GO:0023057	negative regulation of signaling
45	1060	0.485662617924547	1.27178099635142e-09	<0.0001	GO:0010648	negative regulation of cell communication
215	7261	0.481181516082307	3.08818416148574e-27	<0.0001	GO:0005634	nucleus
42	1002	0.477525815799667	6.83055519303635e-09	<0.0001	GO:0009968	negative regulation of signal transduction
55	1345	0.475396248294201	6.13909333170184e-11	<0.0001	GO:0032989	cellular component morphogenesis
44	1063	0.472997756997576	4.23114700517969e-09	<0.0001	GO:0007267	cell-cell signaling
35	836	0.47232789968815	1.37037786995045e-07	0.0002	GO:0007167	enzyme linked receptor protein signaling pathway
135	3944	0.460109577633081	2.85927604411662e-20	<0.0001	GO:0048523	negative regulation of cellular process
218	7696	0.458015931603957	5.53606633274882e-25	<0.0001	GO:0044260	cellular macromolecule metabolic process
34	839	0.456485173138192	4.40886085034082e-07	0.0012	GO:0051726	regulation of cell cycle
40	1004	0.452271536097365	6.31138167653666e-08	0.0001	GO:0010627	regulation of intracellular protein kinase cascade
183	6031	0.449804480262459	5.68959228286157e-23	<0.0001	GO:0006139	nucleobase-containing compound metabolic process
189	6368	0.4446840961768	8.41241823663195e-23	<0.0001	GO:0034641	cellular nitrogen compound metabolic process
186	6229	0.444308550085834	1.24858076997234e-22	<0.0001	GO:0006725	cellular aromatic compound metabolic process
50	1303	0.441392482140439	4.19537834680934e-09	<0.0001	GO:0023056	positive regulation of signaling
184	6181	0.439889108704703	3.82273314882685e-22	<0.0001	GO:0046483	heterocycle metabolic process
47	1227	0.438441144182483	1.35655989370109e-08	<0.0001	GO:0009967	positive regulation of signal transduction
38	981	0.437786941091233	2.78327008233977e-07	0.0008	GO:0044092	negative regulation of molecular function
31	794	0.437406457293599	3.1104542283278e-06	0.0067	GO:0071495	cellular response to endogenous stimulus
181	6072	0.436838977660321	9.87689485202913e-22	<0.0001	GO:0097159	organic cyclic compound binding
179	5992	0.435570519368367	1.60188326113193e-21	<0.0001	GO:1901363	heterocyclic compound binding
42	1100	0.433559578891954	9.33298978650861e-08	0.0001	GO:0060429	epithelium development
46	1212	0.433395884093098	2.58618814290798e-08	<0.0001	GO:0007243	intracellular protein kinase cascade
33	856	0.432593439807122	1.94531479350596e-06	0.0044	GO:0048534	hematopoietic or lymphoid organ development
102	2952	0.432434238065278	3.83571655733138e-15	<0.0001	GO:0010646	regulation of cell communication
47	1246	0.431160585005928	2.1683226437829e-08	<0.0001	GO:0043005	neuron projection
34	886	0.431012481906461	1.49649940309209e-06	0.0038	GO:0051130	positive regulation of cellular component organization
187	6432	0.429772145067434	2.14104288911024e-21	<0.0001	GO:1901360	organic cyclic compound metabolic process
45	1196	0.428610859795929	4.78661579332856e-08	<0.0001	GO:0022402	cell cycle process
212	7790	0.423313338258424	1.36625691331954e-21	<0.0001	GO:0044707	single-multicellular organism process
192	6756	0.422614518006825	5.68623237545169e-21	<0.0001	GO:0006807	nitrogen compound metabolic process
137	4333	0.419790121807921	1.4790883450035e-17	<0.0001	GO:0048519	negative regulation of biological process
265	11139	0.419286369779385	9.22590707661291e-21	<0.0001	GO:0050794	regulation of cellular process
214	7983	0.416522689734119	5.18635864063477e-21	<0.0001	GO:0032501	multicellular organismal process
44	1214	0.41027232908031	1.94819188612005e-07	0.0002	GO:0022414	reproductive process
222	8576	0.405380346489508	4.15844940644141e-20	<0.0001	GO:0043170	macromolecule metabolic process
40	1118	0.401690415085989	1.00677647941098e-06	0.0027	GO:0009719	response to endogenous stimulus
86	2582	0.4002202450294	7.50993561075623e-12	<0.0001	GO:0009966	regulation of signal transduction
53	1516	0.399108203599888	3.14738105769505e-08	<0.0001	GO:0040011	locomotion
43	1214	0.398782191645154	5.02352221562351e-07	0.0015	GO:0048585	negative regulation of response to stimulus
68	1994	0.397838329402284	7.1005151999358e-10	<0.0001	GO:0051128	regulation of cellular component organization
269	11787	0.393970341324452	2.36290685621628e-18	<0.0001	GO:0050789	regulation of biological process
95	2937	0.392889002575937	2.30495195567906e-12	<0.0001	GO:0023051	regulation of signaling
302	14534	0.384852661157667	1.06673531011421e-15	<0.0001	GO:0005488	binding
44	1296	0.379370110919705	1.14092529841101e-06	0.003	GO:0031399	regulation of protein modification process
45	1345	0.373044620022098	1.26467660133482e-06	0.0034	GO:0046983	protein dimerization activity
225	9179	0.372681258664434	2.55262624716691e-17	<0.0001	GO:0005515	protein binding
49	1478	0.37116655515684	5.31073580774851e-07	0.0015	GO:0097458	neuron part
272	12335	0.37114448197708	2.47037406086097e-16	<0.0001	GO:0065007	biological regulation
44	1325	0.368898960780168	2.03716517367277e-06	0.0053	GO:0000003	reproduction
52	1584	0.368369404602664	3.0983256586458e-07	0.0009	GO:0010941	regulation of cell death
53	1640	0.361494863074401	3.82609001449623e-07	0.0011	GO:0006928	cellular component movement
53	1654	0.357422080408345	4.96732422836084e-07	0.0015	GO:0007049	cell cycle
48	1504	0.352431402767236	2.03371956720886e-06	0.0053	GO:0043067	regulation of programmed cell death
52	1644	0.3505795055087	9.50191263285641e-07	0.0027	GO:0048584	positive regulation of response to stimulus
235	10099	0.350256260961089	1.72888566020561e-15	<0.0001	GO:0044237	cellular metabolic process
47	1483	0.348512225971029	3.16743177850294e-06	0.0067	GO:0042981	regulation of apoptotic process
52	1696	0.335659948829344	2.36537117418676e-06	0.0057	GO:0031981	nuclear lumen
54	1805	0.325056841694852	3.06332496859076e-06	0.0066	GO:0019899	enzyme binding
321	17058	0.323599997116258	3.34632464363963e-10	<0.0001	GO:0009987	cellular process
62	2113	0.320507189484788	9.75296894098403e-07	0.0027	GO:0016265	death
254	11929	0.309834645628572	2.96908575273818e-12	<0.0001	GO:0043231	intracellular membrane-bounded organelle
89	3234	0.306186650886303	4.63619721129446e-08	<0.0001	GO:0048583	regulation of response to stimulus
254	11990	0.305581445833598	5.80921414698732e-12	<0.0001	GO:0043227	membrane-bounded organelle
228	10308	0.303082143530471	4.57776350524528e-12	<0.0001	GO:0044238	primary metabolic process
232	10677	0.294861885525262	1.70523785274988e-11	<0.0001	GO:0071704	organic substance metabolic process
287	14603	0.292831528068188	3.2035489147042e-10	<0.0001	GO:0044699	single-organism process
68	2485	0.289906762167701	3.1415942142371e-06	0.0067	GO:0065009	regulation of molecular function
332	18540	0.285072988744014	1.66906698925883e-07	0.0002	GO:0044464	cell part
269	13353	0.285059290668518	2.66964680915004e-10	<0.0001	GO:0044763	single-organism cellular process
332	18543	0.284810065690921	1.71426882806535e-07	0.0002	GO:0005623	cell
294	15293	0.283087353920092	2.21206263372489e-09	<0.0001	GO:0005622	intracellular
134	5419	0.281689010911065	4.53220598991101e-09	<0.0001	GO:0016043	cellular component organization
244	11652	0.28162264297318	1.56278594575934e-10	<0.0001	GO:0008152	metabolic process
289	15105	0.268158512356869	9.9299856366229e-09	<0.0001	GO:0044424	intracellular part
134	5571	0.266017484216731	2.68378254671028e-08	<0.0001	GO:0071840	cellular component organization or biogenesis
264	13304	0.263281734156129	4.16917882442381e-09	<0.0001	GO:0043226	organelle
263	13247	0.262266085437601	4.56491760787243e-09	<0.0001	GO:0043229	intracellular organelle
